0,1,2,3,4,5,6,7,8,9,10,11,12,13,14,15
246.0,246.0,246.0,246.0,246.048125,246.004375,246.08625,246.0425,246.07,246.01375,246.10625,246.0625,246.81125,246.24625,246.7325,246.16
237.0,237.0,237.0,237.0,237.048125,237.006875,237.086875,237.0425,237.113125,237.099375,237.10625,237.0675,239.404375,237.24875,237.7325,237.16
229.0,229.0,229.0,229.0,229.04458333333332,229.01055555555556,229.08034722222223,229.04680555555555,229.20458333333335,229.16479166666667,229.09625,229.06152777777777,233.82902777777778,229.25930555555556,229.65597222222223,229.15569444444444
220.0,220.0,220.0,220.0,220.04993055555556,220.0170138888889,220.09222222222223,220.05152777777778,220.29145833333334,220.2109722222222,220.10805555555555,220.06840277777778,228.46555555555557,220.44020833333335,220.73909722222223,220.173125
211.0,211.0,211.0,211.0,211.10493055555557,211.01840277777777,211.10756944444444,211.05152777777778,211.4152777777778,211.29847222222222,211.10805555555555,211.06868055555555,224.11548611111112,211.74805555555557,211.73909722222223,211.173125
203.0,203.0,203.0,203.0,203.1302777777778,203.01763888888888,203.14555555555555,203.07541666666665,203.5575,203.39909722222222,203.1351388888889,203.18041666666667,221.58875,204.92909722222223,204.67680555555555,203.4176388888889
194.0,194.0,194.0,194.0,194.17729166666666,194.018125,194.18,194.08388888888888,194.64805555555554,194.59104166666665,194.16333333333333,194.201875,218.77208333333334,197.46756944444445,196.27277777777778,194.4595138888889
185.0,185.0,185.0,185.0,185.17854166666666,185.01840277777777,185.190625,185.08388888888888,185.80104166666666,185.65159722222222,185.16333333333333,185.20215277777777,216.73993055555556,189.44555555555556,187.27277777777778,185.4595138888889
177.0,177.0,177.0,177.0,177.20277777777778,177.05013888888888,177.31402777777777,177.07958333333335,177.97208333333333,177.8332638888889,177.15180555555557,177.20263888888888,215.05930555555557,182.529375,179.18916666666667,177.4423611111111
168.0,168.0,168.0,168.0,168.22006944444445,168.050625,168.34493055555555,168.08388888888888,169.21319444444444,168.92284722222223,168.16333333333333,168.20909722222223,214.32104166666667,175.24527777777777,170.27881944444445,168.4595138888889
159.0,159.0,159.0,159.0,159.22118055555555,159.05090277777776,159.36645833333333,159.08388888888888,160.32076388888888,160.1525,159.16333333333333,159.229375,213.51277777777779,167.9117361111111,161.27881944444445,159.4595138888889
151.0,151.0,151.0,151.0,151.21416666666667,151.05013888888888,151.42111111111112,151.08680555555554,152.44458333333333,152.28569444444443,151.15180555555557,151.22965277777777,212.9767361111111,161.78875,153.1951388888889,151.4423611111111
142.0,142.0,142.0,142.0,142.22791666666666,142.050625,142.45805555555555,142.0911111111111,143.66229166666668,143.45854166666666,142.16333333333333,142.29104166666667,212.85847222222222,154.9126388888889,144.27881944444445,142.531875
133.0,133.0,133.0,133.0,133.2290277777778,133.05090277777776,133.4857638888889,133.0911111111111,134.86875,134.52798611111112,133.16333333333333,133.2915277777778,212.0848611111111,148.1226388888889,135.27881944444445,133.531875
125.0,125.0,125.0,125.0,125.32451388888889,125.06819444444444,125.5129861111111,125.13986111111112,127.22111111111111,126.64569444444444,125.15180555555555,125.293125,213.14208333333335,142.92944444444444,127.34694444444445,125.51430555555555
116.0,116.0,116.0,116.0,116.33979166666667,116.06868055555556,116.553125,116.14402777777778,118.35020833333333,117.98472222222222,116.16333333333333,116.30006944444445,212.50680555555556,137.73118055555557,118.42951388888889,116.531875
108.0,108.0,108.0,108.0,108.33222222222223,108.06756944444444,108.56215277777778,108.14868055555556,110.52944444444445,110.14527777777778,108.1511111111111,108.290625,211.96243055555556,132.6651388888889,110.33965277777777,108.509375
99.0,99.0,99.0,99.0,99.3495138888889,99.06854166666666,99.60763888888889,99.15409722222222,101.8525,101.26013888888889,99.16284722222223,99.29923611111111,212.46069444444444,127.05979166666667,101.41881944444444,99.53020833333333
90.0,90.0,90.0,90.0,90.40368055555555,90.11465277777778,90.844375,90.15423611111112,93.00881944444444,92.47784722222222,90.17479166666666,90.30034722222223,211.24180555555554,121.48083333333334,92.43548611111112,90.531875
82.0,82.0,82.0,82.0,82.39590277777778,82.11319444444445,82.85520833333334,82.14902777777777,86.505625,84.63465277777777,82.16256944444444,82.29069444444444,209.95652777777778,116.995,84.33972222222222,82.50958333333334
73.0,73.0,73.0,73.0,73.91743055555555,73.39590277777778,74.77166666666666,73.21305555555556,79.59069444444444,75.89138888888888,73.186875,73.47618055555556,208.168125,111.7082638888889,75.41888888888889,73.53020833333333
64.0,64.0,64.0,64.0,64.93729166666667,64.39833333333333,65.83041666666666,64.21319444444444,73.33118055555556,67.03340277777778,64.18743055555555,64.47729166666667,204.59340277777778,106.98958333333333,66.44513888888889,64.700625
56.0,56.0,56.0,56.0,56.99125,56.395208333333336,57.848333333333336,56.20826388888889,68.51993055555556,59.316875,56.219652777777775,56.46881944444444,201.40875,102.7226388888889,58.36097222222222,56.68236111111111
47.0,47.0,47.0,47.0,48.08625,47.39756944444444,48.91979166666667,47.22763888888889,62.70513888888889,50.69423611111111,47.245694444444446,47.51618055555556,198.40972222222223,100.35145833333333,49.45944444444444,47.72784722222222
38.0,38.0,38.0,38.0,39.45451388888889,38.45805555555555,40.113680555555554,38.24270833333333,57.21659722222222,42.35916666666667,38.245694444444446,38.51701388888889,197.86583333333334,95.69208333333333,40.459583333333335,38.72951388888889
30.0,30.0,30.0,30.0,31.48875,30.45513888888889,32.3025,30.25326388888889,51.79541666666667,35.29347222222222,30.283958333333334,30.52173611111111,196.41118055555555,91.98777777777778,32.81840277777778,30.711111111111112
21.0,21.0,21.0,21.0,22.513125,21.485208333333333,23.351944444444445,21.299791666666668,45.81381944444445,27.40875,21.41409722222222,21.545625,195.85041666666666,87.46194444444444,24.127847222222222,21.870069444444443
12.0,12.0,12.0,12.0,13.59625,12.486319444444444,14.355069444444444,12.316736111111112,39.715555555555554,19.627916666666668,12.447847222222222,12.580416666666666,195.18715277777778,83.04965277777778,15.161597222222222,12.871458333333333
4.0,4.0,4.0,4.0,5.606597222222222,4.483263888888889,6.341111111111111,4.3469444444444445,35.36284722222222,13.172291666666666,4.456111111111111,4.962430555555556,195.57243055555554,84.81097222222222,7.078888888888889,4.922083333333333
125.0,125.0,125.0,125.0,125.98611111111111,125.28625,124.90527777777778,124.60402777777777,138.53458333333333,128.50541666666666,123.75291666666666,124.65388888888889,194.83083333333335,163.52708333333334,115.77583333333334,123.13833333333334
116.0,116.0,116.0,116.0,117.3951388888889,116.32319444444444,116.660625,116.13368055555556,132.36402777777778,120.42819444444444,116.16555555555556,116.43493055555555,195.21756944444445,159.3527777777778,114.88958333333333,116.09881944444444
108.0,108.0,108.0,108.0,109.51777777777778,108.50743055555556,108.95229166666667,108.16041666666666,126.68611111111112,113.44513888888889,108.17541666666666,108.47715277777777,194.95583333333335,154.22743055555554,106.80868055555555,108.13763888888889
99.0,99.0,99.0,99.0,100.85520833333334,99.53520833333333,100.27111111111111,99.34715277777778,120.49604166666667,105.54319444444444,99.19555555555556,99.52388888888889,194.53555555555556,149.0475,97.834375,99.16590277777777
90.0,90.0,90.0,90.0,92.19125,90.86791666666667,92.358125,90.43590277777778,114.90416666666667,98.07319444444444,90.24111111111111,90.54652777777778,194.66145833333334,144.03270833333335,89.12263888888889,90.53729166666666
82.0,82.0,82.0,82.0,84.33951388888889,82.8776388888889,84.35048611111111,82.44236111111111,110.16909722222222,91.536875,82.24048611111111,82.55840277777777,193.85534722222224,139.22756944444444,81.03986111111111,82.51534722222222
73.0,73.0,73.0,73.0,75.38479166666667,73.87965277777778,75.41048611111111,73.50076388888888,103.99236111111111,84.05527777777777,73.29229166666667,73.76625,192.89041666666665,133.7370138888889,73.21277777777777,73.96652777777778
64.0,64.0,64.0,64.0,66.66743055555555,65.06104166666667,66.79826388888888,64.56715277777778,97.72965277777777,77.16569444444444,64.44423611111111,64.80416666666666,192.41041666666666,130.1951388888889,65.83125,65.05451388888889
56.0,56.0,56.0,56.0,58.68388888888889,57.05555555555556,58.78743055555555,56.57465277777778,93.086875,70.8079861111111,56.431111111111115,56.80652777777778,192.7032638888889,125.4942361111111,57.799375,57.054652777777775
47.0,47.0,47.0,47.0,49.71055555555556,48.062777777777775,49.83409722222222,47.591388888888886,86.89486111111111,63.90979166666666,47.431875,47.823819444444446,192.27416666666667,120.00951388888889,48.801319444444445,48.05798611111111
38.0,38.0,38.0,38.0,40.773125,39.06791666666667,40.876875,38.627361111111114,81.32618055555555,57.16631944444445,38.44451388888889,38.84569444444445,192.11388888888888,114.84076388888889,39.88791666666667,39.07659722222222
30.0,30.0,30.0,30.0,32.793055555555554,31.14,32.86729166666667,30.65277777777778,76.24743055555555,51.38430555555556,30.431180555555557,30.867013888888888,192.44381944444444,110.72069444444445,31.80548611111111,31.054791666666667
21.0,21.0,21.0,21.0,23.800069444444443,22.14090277777778,23.89138888888889,21.654444444444444,67.35229166666667,42.48888888888889,21.431875,21.877152777777777,184.3373611111111,101.86111111111111,22.807291666666668,22.057986111111113
12.0,12.0,12.0,12.0,17.034166666666668,13.339097222222222,15.271041666666667,12.780416666666667,62.852916666666665,36.54152777777778,12.512222222222222,12.958819444444444,187.390625,98.20361111111112,14.608819444444444,13.122847222222223
4.0,4.0,4.0,4.0,9.178055555555556,5.397916666666666,7.332361111111111,4.809027777777778,60.22201388888889,33.56902777777778,4.5881944444444445,5.086597222222222,192.65618055555555,101.15270833333334,6.558888888888889,5.149375
60.0,60.0,60.0,60.0,63.23104166666667,60.85263888888889,61.492847222222224,60.20055555555555,98.2875,79.98034722222222,59.61527777777778,60.040416666666665,184.32097222222222,123.38166666666666,56.33840277777778,59.41576388888889
51.0,51.0,51.0,51.0,54.407222222222224,51.91090277777778,52.83618055555556,51.50069444444444,92.31243055555555,73.44083333333333,51.34048611111111,51.434305555555554,184.90847222222223,119.31194444444445,51.38194444444444,51.42194444444444
43.0,43.0,43.0,43.0,47.267430555555556,44.04986111111111,45.07798611111111,43.51972222222222,86.4954861111111,67.774375,43.34597222222222,43.46618055555555,185.42458333333335,116.17409722222222,43.354375,43.41416666666667
34.0,34.0,34.0,34.0,38.29951388888889,35.09041666666667,36.113055555555555,34.543125,80.84006944444444,61.301875,34.368402777777774,34.56840277777778,184.88916666666665,112.87590277777778,35.44520833333333,34.61083333333333
25.0,25.0,25.0,25.0,29.455833333333334,26.130694444444444,27.770347222222224,25.57229166666667,75.45076388888889,55.02076388888889,25.402916666666666,25.590902777777778,182.74548611111112,109.64125,27.926944444444445,25.665902777777777
17.0,17.0,17.0,17.0,21.46236111111111,18.161666666666665,19.805694444444445,17.565347222222222,71.97854166666667,49.670069444444444,17.389375,17.58875,180.76409722222223,106.84201388888889,20.485972222222223,17.64527777777778
8.0,8.0,8.0,8.0,12.535625,9.21861111111111,10.953055555555556,8.569444444444445,66.958125,43.535625,8.389791666666667,8.62875,178.50541666666666,103.26847222222223,13.277222222222223,8.649305555555555
0.0,0.0,0.0,0.0,4.715763888888889,1.254375,3.005,0.5654166666666667,62.76680555555556,38.28486111111111,0.3877083333333333,0.6535416666666667,175.811875,99.83770833333334,6.368611111111111,0.6779166666666666
25.0,25.0,25.0,25.0,29.177847222222223,26.097430555555555,27.36861111111111,25.411041666666666,81.81027777777778,58.952708333333334,25.205416666666668,25.28527777777778,173.11868055555556,108.87458333333333,30.21548611111111,25.257361111111113
17.0,17.0,17.0,17.0,21.213472222222222,18.13625,19.380069444444445,17.43145833333333,77.41458333333334,53.401666666666664,17.21736111111111,17.349305555555556,169.85333333333332,105.07909722222222,23.130694444444444,17.405833333333334
8.0,8.0,8.0,8.0,12.683402777777777,9.603333333333333,10.552013888888888,8.436458333333333,72.12354166666667,47.285069444444446,8.40076388888889,8.398333333333333,166.61756944444446,101.53395833333333,15.599791666666667,8.57986111111111
0.0,0.0,0.0,0.0,5.211666666666667,1.6401388888888888,2.669027777777778,0.55625,67.02402777777777,41.985625,0.40125,0.6377777777777778,163.4584027777778,97.33270833333333,8.7675,0.6820833333333334
8.0,8.0,8.0,8.0,12.91611111111111,9.499444444444444,10.284791666666667,8.46263888888889,73.23041666666667,49.234375,8.369166666666667,8.476041666666667,159.8251388888889,99.06159722222222,17.678541666666668,8.52548611111111
0.0,0.0,0.0,0.0,5.012847222222222,1.5334722222222221,2.3881944444444443,0.46166666666666667,68.751875,44.082430555555554,0.3918055555555556,0.5068055555555555,156.67125,94.47055555555555,11.272152777777778,0.6254166666666666
0.0,0.0,0.0,0.0,5.479236111111111,1.5398611111111111,2.31,0.4178472222222222,68.63458333333334,45.272847222222225,0.44958333333333333,0.5338194444444444,152.48909722222223,98.18451388888889,13.212430555555555,0.5757638888888889
0.0,0.0,0.0,0.0,5.185138888888889,1.4508333333333334,2.1841666666666666,0.37722222222222224,68.86618055555556,46.20597222222222,0.4203472222222222,0.49027777777777776,149.1626388888889,95.93013888888889,14.618472222222222,0.5232638888888889
0.0,0.0,0.0,0.0,5.681319444444444,1.3630555555555555,2.054236111111111,0.3392361111111111,68.91638888888889,47.13201388888889,0.39534722222222224,0.4967361111111111,145.50590277777778,93.93354166666667,15.958402777777778,0.4764583333333333
0.0,0.0,0.0,0.0,5.550625,1.378611111111111,2.086875,0.3047222222222222,69.02006944444445,48.424236111111114,0.38645833333333335,0.46784722222222225,142.39097222222222,92.52625,17.483333333333334,0.8973611111111112
0.0,0.0,0.0,0.0,7.330416666666666,1.2997222222222222,1.9650694444444445,0.2747222222222222,69.93930555555555,50.244375,0.431875,0.46111111111111114,138.98097222222222,90.12076388888889,19.825,0.838125
0.0,0.0,0.0,0.0,7.014722222222222,1.2224305555555555,1.879375,0.30777777777777776,69.55229166666666,50.78625,0.40520833333333334,0.4701388888888889,135.28222222222223,87.6061111111111,21.174444444444443,0.7965277777777777
0.0,0.0,0.0,0.0,6.684722222222222,1.15125,1.8079166666666666,0.284375,68.80159722222223,51.27215277777778,0.3784722222222222,0.44354166666666667,132.02729166666666,84.98020833333334,22.380277777777778,0.9009027777777778
0.0,0.0,0.0,0.0,6.416736111111111,1.0791666666666666,1.738888888888889,0.32104166666666667,68.09458333333333,51.842083333333335,0.49694444444444447,0.8134722222222223,130.72368055555555,83.60715277777778,23.907222222222224,2.167708333333333
0.0,0.0,0.0,0.0,6.092013888888889,1.0125694444444444,1.67625,0.2982638888888889,67.57416666666667,52.50388888888889,0.49125,0.798125,130.3792361111111,81.18798611111112,25.513125,2.0810416666666667
0.0,0.0,0.0,0.0,5.934027777777778,0.9501388888888889,1.7446527777777778,0.33902777777777776,67.37402777777778,53.34048611111111,0.5355555555555556,0.8297916666666667,130.9892361111111,78.48708333333333,26.742083333333333,1.9972222222222222
0.0,0.0,0.0,0.0,5.622916666666667,0.8943055555555556,1.6465972222222223,0.3165277777777778,66.36354166666666,53.75083333333333,0.5063888888888889,0.8419444444444445,131.58375,75.95986111111111,27.79347222222222,1.9170138888888888
0.0,0.0,0.0,0.0,5.472152777777778,0.8321527777777777,1.5355555555555556,0.3123611111111111,65.62611111111111,54.134930555555556,0.4781944444444444,0.7984722222222222,132.59930555555556,73.366875,28.523333333333333,1.9613888888888888
0.0,0.0,0.0,0.0,5.154652777777778,0.7694444444444445,1.42375,0.32611111111111113,64.65777777777778,54.308125,0.4525,0.8090972222222222,134.36756944444446,70.59402777777778,29.80263888888889,2.0405555555555557
0.0,0.0,0.0,0.0,4.859375,0.7072916666666667,1.5066666666666666,0.9506944444444444,63.542569444444446,55.11909722222222,0.4240277777777778,0.8366666666666667,135.99284722222222,67.86222222222223,30.200625,2.011111111111111
0.0,0.0,0.0,0.0,4.579166666666667,0.6470833333333333,1.399513888888889,0.9270833333333334,62.568333333333335,55.56381944444445,0.39652777777777776,0.7909027777777777,138.0470138888889,64.95611111111111,31.1325,1.9158333333333333
0.0,0.0,0.0,0.0,4.554791666666667,0.5913194444444444,1.8754861111111112,0.9927083333333333,63.23298611111111,56.11895833333333,0.690625,1.0565972222222222,140.380625,62.92930555555556,33.66104166666667,2.5613888888888887
0.0,0.0,0.0,0.0,4.869513888888889,0.5367361111111111,1.7966666666666666,0.9545138888888889,61.922222222222224,57.1925,0.7019444444444445,1.0070833333333333,143.2134027777778,60.35854166666667,33.750277777777775,2.4478472222222223
0.0,0.0,0.0,0.0,4.572638888888889,0.48305555555555557,1.7002083333333333,0.9129861111111112,60.650555555555556,57.61569444444444,0.6669444444444445,0.9565972222222222,146.62256944444445,57.89736111111111,33.752430555555556,2.330138888888889
0.0,0.0,0.0,0.0,4.286319444444445,0.43104166666666666,1.5952777777777778,0.8734722222222222,60.03263888888889,57.764583333333334,0.66875,0.9077777777777778,149.12506944444445,55.330625,33.616875,2.2183333333333333
0.0,0.0,0.0,0.0,4.104375,0.46597222222222223,2.073888888888889,0.8383333333333334,59.61138888888889,58.539097222222225,0.6363888888888889,0.9015972222222223,153.02375,53.775,34.168819444444445,2.104791666666667
0.0,0.0,0.0,0.0,3.832847222222222,0.4181944444444444,1.9685416666666666,0.7990277777777778,58.649375,58.639722222222225,0.6009027777777778,0.8521527777777778,157.56347222222223,51.35145833333333,33.741527777777776,1.9889583333333334
0.0,0.0,0.0,0.0,4.586180555555556,0.4060416666666667,1.872638888888889,0.8701388888888889,58.30034722222222,59.12694444444445,0.7473611111111111,1.0629861111111112,161.65798611111111,49.20201388888889,33.86222222222222,1.9106944444444445
0.0,0.0,0.0,0.0,4.293333333333333,0.42715277777777777,2.0897916666666667,0.8635416666666667,57.620625,59.19694444444445,0.7238194444444445,1.0053472222222222,165.77291666666667,46.71611111111111,33.418055555555554,1.7959722222222223
0.0,0.0,0.0,0.0,4.054166666666666,0.4984722222222222,2.2176388888888887,0.8386805555555555,57.64541666666667,59.71458333333333,0.6814583333333334,0.9709027777777778,168.23472222222222,45.293055555555554,32.30034722222222,1.6793055555555556
0.0,0.0,0.0,0.0,3.7776388888888888,0.45,2.104375,0.8023611111111111,57.66486111111111,59.702847222222225,0.6411805555555555,0.9147916666666667,172.0522222222222,43.723819444444445,31.649791666666665,1.568263888888889
0.0,0.0,0.0,0.0,3.4903472222222223,0.40652777777777777,1.9948611111111112,0.7604861111111111,57.541875,60.02708333333333,0.6174305555555556,0.8909027777777778,174.45583333333335,42.134930555555556,31.077569444444446,1.4503472222222222
0.0,0.0,0.0,0.0,3.21,0.37166666666666665,1.8891666666666667,0.716875,57.46513888888889,59.79375,0.5776388888888889,0.99125,177.34833333333333,40.778125,31.01736111111111,1.3383333333333334
0.0,0.0,0.0,0.0,2.9494444444444445,0.35965277777777777,1.7840972222222222,0.67625,57.10263888888889,59.92270833333333,0.5427777777777778,0.933125,180.83,39.983333333333334,30.43513888888889,1.2356944444444444
0.0,0.0,0.0,0.0,2.8115277777777776,0.33145833333333335,1.6953472222222221,0.6558333333333334,57.26013888888889,59.25625,0.5066666666666667,0.8915972222222223,183.37326388888889,40.05381944444444,30.03638888888889,1.1267361111111112
0.0,0.0,0.0,0.0,2.5672916666666667,0.30569444444444444,1.6402777777777777,0.6150694444444444,56.941875,59.59791666666667,0.4884722222222222,0.8506944444444444,186.7146527777778,39.40361111111111,29.477777777777778,1.0211805555555555
0.0,0.0,0.0,0.0,2.3452777777777776,0.2823611111111111,1.54,0.6043055555555555,56.906597222222224,59.12638888888889,0.4554166666666667,0.814375,190.74833333333333,39.49194444444444,28.72513888888889,0.949375
0.0,0.0,0.0,0.0,2.15625,0.2621527777777778,1.4426388888888888,0.5628472222222223,56.615138888888886,58.82604166666667,0.43972222222222224,0.7604166666666666,194.97270833333334,39.50611111111111,28.079305555555557,0.843125
0.0,0.0,0.0,0.0,1.9853472222222222,0.27847222222222223,1.462013888888889,0.5222916666666667,56.49666666666667,57.978611111111114,0.4065972222222222,0.7231944444444445,200.13784722222223,40.59166666666667,27.621041666666667,0.7427777777777778
0.0,0.0,0.0,0.0,1.8414583333333334,0.2607638888888889,1.3830555555555555,0.48347222222222225,56.314236111111114,57.386319444444446,0.39145833333333335,0.6932638888888889,207.01104166666667,40.70715277777778,26.992569444444445,0.65
0.0,0.0,0.0,0.0,2.0786805555555556,0.2898611111111111,1.3696527777777778,0.441875,57.152569444444445,57.153819444444444,0.3586111111111111,0.6357638888888889,212.73645833333333,41.72541666666667,26.194930555555555,0.560625
0.0,0.0,0.0,0.0,1.9690277777777778,0.275,1.2807638888888888,0.40166666666666667,58.78944444444444,56.33361111111111,0.3277777777777778,0.634375,217.15631944444445,41.6425,25.395555555555557,0.475625
0.0,0.0,0.0,0.0,1.8677777777777778,0.25993055555555555,1.1897916666666666,0.36354166666666665,60.17444444444445,55.84458333333333,0.2965277777777778,0.6045138888888889,220.14458333333334,44.01201388888889,24.709652777777777,0.39340277777777777
0.0,0.0,0.0,0.0,1.828125,0.24472222222222223,1.181875,0.3401388888888889,61.471180555555556,55.25347222222222,0.30083333333333334,0.7224305555555556,222.21013888888888,47.00138888888889,23.821875,0.3478472222222222
0.0,0.0,0.0,0.0,1.7758333333333334,0.23006944444444444,1.3505555555555555,0.30006944444444444,63.765277777777776,54.79666666666667,0.2909027777777778,0.7100694444444444,222.42923611111112,50.35486111111111,23.236875,0.4739583333333333
0.0,0.0,0.0,0.0,1.8175694444444443,0.23256944444444444,1.3120833333333333,0.2611805555555556,65.45930555555556,54.49930555555556,0.26361111111111113,0.6599305555555556,223.49722222222223,53.76479166666667,22.465902777777778,0.5103472222222222
0.0,0.0,0.0,0.0,1.7653472222222222,0.23541666666666666,1.2668055555555555,0.22034722222222222,66.84208333333333,53.87006944444445,0.2565277777777778,0.6651388888888888,225.15479166666665,56.770833333333336,21.655763888888888,0.45534722222222224
0.0,0.0,0.0,0.0,1.6640972222222221,0.21944444444444444,1.1764583333333334,0.18069444444444444,67.93645833333333,53.67069444444444,0.23131944444444444,0.6186805555555556,226.18180555555554,59.61736111111111,21.011388888888888,0.4073611111111111
0.0,0.0,0.0,0.0,1.6154166666666667,0.2036111111111111,1.138125,0.178125,69.40243055555555,52.793194444444445,0.205,0.6195138888888889,227.70756944444443,62.403333333333336,20.35826388888889,0.3605555555555556
0.0,0.0,0.0,0.0,1.4977083333333334,0.18847222222222224,1.0464583333333333,0.14840277777777777,70.16465277777777,52.940555555555555,0.17902777777777779,0.5902777777777778,229.15069444444444,64.78902777777778,19.741180555555555,0.31631944444444443
0.0,0.0,0.0,0.0,1.3852777777777778,0.1725,0.9561111111111111,0.12895833333333334,71.085625,52.588125,0.1726388888888889,0.5804166666666667,230.36111111111111,66.91722222222222,19.26486111111111,0.2768055555555556
0.0,0.0,0.0,0.0,1.2715277777777778,0.1567361111111111,1.224513888888889,0.11340277777777778,71.86020833333333,51.747638888888886,0.15180555555555555,0.5738888888888889,230.1603472222222,69.11569444444444,18.83798611111111,0.33916666666666667
0.0,0.0,0.0,0.0,1.1671527777777777,0.14152777777777778,1.1403472222222222,0.101875,73.32333333333334,51.25833333333333,0.13631944444444444,0.536875,229.9129861111111,71.12777777777778,18.595208333333332,0.3229861111111111
0.0,0.0,0.0,0.0,1.178263888888889,0.12555555555555556,1.0730555555555557,0.09131944444444444,74.53916666666667,51.02361111111111,0.17340277777777777,0.5382638888888889,230.30638888888888,73.6425,17.978958333333335,0.30777777777777776
0.0,0.0,0.0,0.0,1.1131944444444444,0.10979166666666666,1.0059027777777778,0.08034722222222222,75.73159722222222,50.798125,0.15819444444444444,0.49916666666666665,229.83805555555554,75.10354166666667,17.180555555555557,0.2922222222222222
0.0,0.0,0.0,0.0,1.0121527777777777,0.09604166666666666,0.9667361111111111,0.06972222222222223,76.75208333333333,50.123958333333334,0.16152777777777777,0.5174305555555555,229.0142361111111,76.8236111111111,16.63736111111111,0.2760416666666667
0.0,0.0,0.0,0.0,0.9143055555555556,0.0825,0.9611111111111111,0.05979166666666667,78.3725,49.968402777777776,0.14763888888888888,0.5134722222222222,227.7290972222222,78.54104166666667,16.190069444444443,0.2608333333333333
0.0,0.0,0.0,0.0,0.8810416666666666,0.07027777777777777,0.9747916666666666,0.051805555555555556,79.62680555555555,49.944583333333334,0.13631944444444444,0.4945833333333333,226.01784722222223,79.21493055555555,15.757916666666667,0.24597222222222223
0.0,0.0,0.0,0.0,0.8384027777777778,0.095,0.9630555555555556,0.04583333333333333,80.27055555555556,49.66243055555555,0.14597222222222223,0.47208333333333335,224.28201388888888,79.90125,15.365416666666667,0.23104166666666667
0.0,0.0,0.0,0.0,0.78,0.08597222222222223,0.9216666666666666,0.04083333333333333,81.00875,50.33326388888889,0.1376388888888889,0.4515972222222222,221.97375,80.33854166666667,14.956944444444444,0.21694444444444444
0.0,0.0,0.0,0.0,0.7261805555555556,0.08013888888888888,0.9073611111111111,0.037083333333333336,81.4804861111111,50.16909722222222,0.16451388888888888,0.4197222222222222,219.26305555555555,80.65493055555555,14.832847222222222,0.20270833333333332
0.0,0.0,0.0,0.0,0.686875,0.07416666666666667,0.8756944444444444,0.03333333333333333,82.06548611111111,50.40638888888889,0.15527777777777776,0.38895833333333335,216.2448611111111,80.73076388888889,14.058819444444444,0.18840277777777778
0.0,0.0,0.0,0.0,0.6833333333333333,0.19194444444444445,1.3950694444444445,0.029722222222222223,82.63173611111111,50.823055555555555,0.23479166666666668,0.37833333333333335,213.06368055555555,81.21152777777777,13.630625,0.19166666666666668
0.0,0.0,0.0,0.0,0.6263194444444444,0.1817361111111111,1.3242361111111112,0.02625,82.22708333333334,50.52965277777778,0.22270833333333334,0.35215277777777776,209.47020833333335,81.39159722222222,13.162152777777777,0.17645833333333333
0.0,0.0,0.0,0.0,0.569375,0.17166666666666666,1.2527777777777778,0.022847222222222224,82.35520833333334,51.36416666666667,0.21048611111111112,0.3436111111111111,205.5823611111111,81.25888888888889,12.59986111111111,0.16152777777777777
0.0,0.0,0.0,0.0,0.5770138888888889,0.1622222222222222,1.1834722222222223,0.02,82.48381944444445,51.29534722222222,0.23444444444444446,0.3705555555555556,201.94972222222222,80.68256944444444,12.255138888888888,0.1996527777777778
0.0,0.0,0.0,0.0,0.5585416666666667,0.15256944444444445,1.5247916666666668,0.05305555555555556,82.1595138888889,51.68069444444444,0.2748611111111111,0.4372916666666667,197.46930555555556,80.18597222222222,11.60361111111111,0.20131944444444444
0.0,0.0,0.0,0.0,0.5186111111111111,0.14277777777777778,1.455625,0.049930555555555554,82.40444444444445,51.76708333333333,0.2604861111111111,0.46041666666666664,192.16083333333333,79.47222222222223,10.923819444444444,0.1857638888888889
0.0,0.0,0.0,0.0,0.46576388888888887,0.15138888888888888,1.3759722222222222,0.04694444444444444,82.64291666666666,51.9925,0.26458333333333334,0.4471527777777778,186.56951388888888,78.43118055555556,10.272708333333334,0.17048611111111112
0.0,0.0,0.0,0.0,0.414375,0.14173611111111112,1.3173611111111112,0.04402777777777778,83.60958333333333,53.08208333333334,0.3036111111111111,0.5009722222222223,181.10368055555554,78.43965277777778,9.5425,0.154375
0.0,0.0,0.0,0.0,0.4373611111111111,0.13326388888888888,1.2378472222222223,0.04090277777777778,83.72833333333334,53.274652777777774,0.2878472222222222,0.4702777777777778,175.22743055555554,77.58840277777777,8.914513888888889,0.13881944444444444
0.0,0.0,0.0,0.0,0.48381944444444447,0.12638888888888888,1.1977083333333334,0.03791666666666667,83.47736111111111,53.43895833333333,0.2721527777777778,0.455625,169.0270138888889,76.28625,8.309930555555555,0.12354166666666666
0.0,0.0,0.0,0.0,0.441875,0.11895833333333333,1.1191666666666666,0.035,83.60111111111111,54.592847222222225,0.2567361111111111,0.42680555555555555,162.73236111111112,75.15229166666667,7.740625,0.10743055555555556
0.0,0.0,0.0,0.0,0.40319444444444447,0.11159722222222222,1.0405555555555555,0.03222222222222222,83.58194444444445,54.937916666666666,0.24125,0.4698611111111111,156.29777777777778,73.23666666666666,7.197708333333333,0.09222222222222222
0.0,0.0,0.0,0.0,0.4039583333333333,0.10472222222222222,0.9714583333333333,0.029861111111111113,83.18951388888888,56.327222222222225,0.2442361111111111,0.4602777777777778,150.0479861111111,72.28236111111111,6.792083333333333,0.08104166666666666
0.0,0.0,0.0,0.0,0.3721527777777778,0.09777777777777778,0.905625,0.045208333333333336,82.84381944444445,57.00881944444444,0.22944444444444445,0.4523611111111111,144.0475,71.52298611111111,6.252638888888889,0.07347222222222222
0.0,0.0,0.0,0.0,0.34618055555555555,0.09125,0.839375,0.05979166666666667,82.79541666666667,58.766666666666666,0.21479166666666666,0.46076388888888886,137.99583333333334,70.65763888888888,5.764166666666667,0.06722222222222222
0.0,0.0,0.0,0.0,0.32611111111111113,0.13868055555555556,0.7784027777777778,0.05618055555555555,82.41486111111111,59.08479166666667,0.20118055555555556,0.46819444444444447,131.86993055555556,69.0125,5.300416666666667,0.09701388888888889
0.0,0.0,0.0,0.0,0.30277777777777776,0.13069444444444445,0.7153472222222222,0.05333333333333334,82.11715277777778,59.951319444444444,0.18736111111111112,0.4786111111111111,126.12666666666667,68.07284722222222,4.969236111111111,0.08958333333333333
0.0,0.0,0.0,0.0,0.2813888888888889,0.12305555555555556,0.6531944444444444,0.06861111111111111,81.63270833333333,60.25611111111111,0.1736111111111111,0.4855555555555556,120.77347222222222,66.21534722222222,4.569652777777778,0.08215277777777778
0.0,0.0,0.0,0.0,0.30118055555555556,0.150625,0.6434722222222222,0.0654861111111111,81.01868055555556,61.951319444444444,0.17770833333333333,0.4803472222222222,115.3561111111111,64.61631944444444,4.223611111111111,0.07534722222222222
0.0,0.0,0.0,0.0,0.2783333333333333,0.1413888888888889,0.6045138888888889,0.06256944444444444,80.40916666666666,62.95638888888889,0.18159722222222222,0.4872222222222222,109.84506944444445,62.52590277777778,3.895138888888889,0.06965277777777777
0.0,0.0,0.0,0.0,0.2742361111111111,0.24125,0.6098611111111111,0.059583333333333335,80.66208333333333,63.932916666666664,0.18625,0.4579861111111111,104.80298611111111,60.74111111111111,3.5763194444444446,0.06555555555555556
0.0,0.0,0.0,0.0,0.2540277777777778,0.2284027777777778,0.5750694444444444,0.05659722222222222,80.6225,64.42791666666666,0.17215277777777777,0.4292361111111111,99.66763888888889,58.708333333333336,3.252083333333333,0.07909722222222222
0.0,0.0,0.0,0.0,0.23555555555555555,0.21541666666666667,0.5209027777777778,0.05354166666666667,80.29375,65.365,0.17652777777777778,0.4372916666666667,94.85701388888889,56.46625,3.020347222222222,0.07409722222222222
0.0,0.0,0.0,0.0,0.2182638888888889,0.20340277777777777,0.46965277777777775,0.050555555555555555,79.710625,66.19131944444445,0.18090277777777777,0.44513888888888886,90.40131944444444,54.32083333333333,2.7572916666666667,0.069375
0.0,0.0,0.0,0.0,0.39590277777777777,0.1904861111111111,0.419375,0.04756944444444444,79.65902777777778,67.17895833333333,0.25631944444444443,0.5249305555555556,86.545625,52.87236111111111,2.857986111111111,0.06465277777777778
0.0,0.0,0.0,0.0,0.37243055555555554,0.1775,0.369375,0.04451388888888889,78.89923611111111,67.4732638888889,0.23902777777777778,0.5185416666666667,82.80604166666667,50.74875,2.5875,0.07979166666666666
0.0,0.0,0.0,0.0,0.3858333333333333,0.16618055555555555,0.34208333333333335,0.041527777777777775,77.66152777777778,68.13493055555556,0.2934027777777778,0.5538194444444444,79.33354166666666,49.108402777777776,2.3427777777777776,0.07444444444444444
0.0,0.0,0.0,0.0,0.3634027777777778,0.1545138888888889,0.29694444444444446,0.03854166666666667,76.77534722222222,68.74909722222222,0.2750694444444444,0.5223611111111112,76.34604166666666,47.145694444444445,2.123263888888889,0.06902777777777777
0.0,0.0,0.0,0.0,0.3400694444444444,0.1426388888888889,0.2509722222222222,0.035486111111111114,76.47083333333333,68.96576388888889,0.29194444444444445,0.533125,73.77701388888889,45.12618055555556,1.9127777777777777,0.06354166666666666
0.0,0.0,0.0,0.0,0.3177083333333333,0.131875,0.20868055555555556,0.050208333333333334,75.94659722222222,69.56013888888889,0.27361111111111114,0.5566666666666666,71.449375,43.30340277777778,1.7277777777777779,0.058194444444444444
0.0,0.0,0.0,0.0,0.29680555555555554,0.1226388888888889,0.213125,0.04666666666666667,74.713125,70.07659722222222,0.30993055555555554,0.5258333333333334,69.14034722222222,41.24666666666667,1.5693055555555555,0.053125
0.0,0.0,0.0,0.0,0.2759027777777778,0.11513888888888889,0.25763888888888886,0.06069444444444445,73.894375,70.00840277777777,0.3275,0.5097916666666666,67.11506944444444,39.76923611111111,1.4172222222222222,0.04826388888888889
0.0,0.0,0.0,0.0,0.3972222222222222,0.10847222222222222,0.28506944444444443,0.05645833333333333,73.10347222222222,70.48118055555555,0.32652777777777775,0.7161805555555556,65.01256944444444,38.25423611111111,1.3801388888888888,0.043611111111111114
0.0,0.0,0.0,0.0,0.39118055555555553,0.10097222222222223,0.27666666666666667,0.05229166666666667,72.60868055555555,70.86701388888889,0.34368055555555554,0.6933333333333334,63.030833333333334,36.81506944444445,1.273611111111111,0.03972222222222222
0.0,0.0,0.0,0.0,0.3678472222222222,0.09347222222222222,0.25590277777777776,0.04881944444444444,72.68618055555555,70.583125,0.32513888888888887,0.6567361111111111,60.101597222222225,35.418958333333336,1.177361111111111,0.037083333333333336
0.0,0.0,0.0,0.0,0.4527083333333333,0.08680555555555555,0.24173611111111112,0.04576388888888889,72.26090277777777,70.22513888888889,0.3076388888888889,0.6228472222222222,57.17777777777778,33.99,1.126875,0.034722222222222224
0.0,0.0,0.0,0.0,0.7355555555555555,0.0973611111111111,0.298125,0.042708333333333334,72.50083333333333,70.06694444444445,0.2909027777777778,0.5978472222222222,54.22298611111111,32.57013888888889,1.0349305555555555,0.03222222222222222
0.0,0.0,0.0,0.0,0.7344444444444445,0.09041666666666667,0.300625,0.03979166666666667,72.78527777777778,69.9804861111111,0.27493055555555557,0.6391666666666667,51.27048611111111,31.338402777777777,1.0785416666666667,0.1361111111111111
0.0,0.0,0.0,0.0,0.7384722222222222,0.083125,0.2849305555555556,0.03673611111111111,72.54604166666667,69.35576388888889,0.25972222222222224,0.605,48.41361111111111,30.054444444444446,1.0629861111111112,0.13
0.0,0.0,0.0,0.0,0.7046527777777778,0.07569444444444444,0.2698611111111111,0.033680555555555554,72.5775,70.10201388888889,0.245,0.6058333333333333,46.792291666666664,29.052083333333332,1.071388888888889,0.12375
0.0,0.0,0.0,0.0,0.7938194444444444,0.06875,0.255625,0.03076388888888889,72.67618055555556,69.87361111111112,0.22979166666666667,0.6526388888888889,45.72354166666667,27.864791666666665,1.1438194444444445,0.11805555555555555
0.0,0.0,0.0,0.0,0.7568055555555555,0.06145833333333333,0.24104166666666665,0.027708333333333335,72.28590277777778,68.99409722222222,0.215,0.6341666666666667,44.54159722222222,26.60076388888889,1.378263888888889,0.11194444444444444
0.0,0.0,0.0,0.0,0.7194444444444444,0.05402777777777778,0.22652777777777777,0.0325,71.82673611111112,68.90215277777777,0.25333333333333335,0.6341666666666667,43.468333333333334,25.697152777777777,1.4847222222222223,0.10583333333333333
0.0,0.0,0.0,0.0,0.6863888888888889,0.11791666666666667,0.23791666666666667,0.029930555555555554,71.52208333333333,67.88986111111112,0.23715277777777777,0.5975694444444445,43.17701388888889,24.62034722222222,1.5888888888888888,0.1
0.0,0.0,0.0,0.0,0.7924305555555555,0.108125,0.2226388888888889,0.027777777777777776,70.39590277777778,67.15895833333333,0.28479166666666667,0.58,42.94875,24.386111111111113,1.6403472222222222,0.09388888888888888
0.0,0.0,0.0,0.0,0.7514583333333333,0.09923611111111111,0.20743055555555556,0.025972222222222223,69.79694444444445,66.05118055555556,0.2947222222222222,0.5447916666666667,43.18534722222222,23.628333333333334,1.718125,0.08847222222222222
0.0,0.0,0.0,0.0,0.7103472222222222,0.09194444444444444,0.19277777777777777,0.02423611111111111,69.07833333333333,65.06722222222223,0.29354166666666665,0.5105555555555555,43.68902777777778,23.108541666666667,1.7570833333333333,0.08388888888888889
0.0,0.0,0.0,0.0,0.6888888888888889,0.08381944444444445,0.17756944444444445,0.022708333333333334,68.59583333333333,64.14118055555555,0.27458333333333335,0.4770138888888889,44.27986111111111,22.516180555555554,1.7275,0.07888888888888888
0.0,0.0,0.0,0.0,0.6486111111111111,0.0757638888888889,0.180625,0.021597222222222223,67.15743055555555,63.08006944444445,0.25708333333333333,0.44354166666666667,44.99347222222222,21.788541666666667,1.8029166666666667,0.07402777777777778
0.0,0.0,0.0,0.0,0.6093055555555555,0.06847222222222223,0.18395833333333333,0.02034722222222222,66.21597222222222,62.24604166666666,0.2575,0.4295833333333333,45.98048611111111,21.281666666666666,1.8152083333333333,0.06944444444444445
0.0,0.0,0.0,0.0,0.5888194444444445,0.063125,0.17027777777777778,0.019097222222222224,65.46590277777777,61.279513888888886,0.24291666666666667,0.43194444444444446,47.08486111111111,20.407222222222224,1.9372916666666666,0.09986111111111111
0.0,0.0,0.0,0.0,0.5493055555555556,0.060069444444444446,0.15868055555555555,0.017986111111111112,63.98520833333333,60.49645833333334,0.22465277777777778,0.44479166666666664,48.01451388888889,19.914444444444445,1.9889583333333334,0.09375
0.0,0.0,0.0,0.0,0.5399305555555556,0.05722222222222222,0.14743055555555556,0.01673611111111111,62.67805555555555,59.192083333333336,0.20673611111111112,0.41125,48.690694444444446,19.400833333333335,2.1994444444444445,0.08791666666666667
0.0,0.0,0.0,0.0,0.5668055555555556,0.05416666666666667,0.1359027777777778,0.015486111111111112,61.38465277777778,58.52333333333333,0.1897222222222222,0.5209027777777778,49.61333333333334,18.91111111111111,2.3070138888888887,0.10916666666666666
0.0,0.0,0.0,0.0,0.5627083333333334,0.051041666666666666,0.12451388888888888,0.014375,60.18534722222222,57.55083333333334,0.1740972222222222,0.5033333333333333,50.46958333333333,18.388680555555556,2.679027777777778,0.10277777777777777
0.0,0.0,0.0,0.0,0.5440277777777778,0.04819444444444444,0.1557638888888889,0.030833333333333334,58.69958333333334,56.83673611111111,0.17791666666666667,0.5165277777777778,51.29569444444444,17.90423611111111,2.7738194444444444,0.09659722222222222
0.0,0.0,0.0,0.0,0.5255555555555556,0.04513888888888889,0.14333333333333334,0.028958333333333332,56.798541666666665,55.542430555555555,0.165,0.5357638888888889,51.635,17.558958333333333,2.8694444444444445,0.09125
0.0,0.0,0.0,0.0,0.4875,0.059722222222222225,0.13131944444444443,0.06263888888888888,55.28930555555556,54.714930555555554,0.15291666666666667,0.5014583333333333,52.2925,17.051041666666666,2.8993055555555554,0.08597222222222223
0.0,0.0,0.0,0.0,0.4677777777777778,0.05625,0.15479166666666666,0.07729166666666666,53.74090277777778,53.941875,0.14104166666666668,0.5386111111111112,52.514652777777776,16.50722222222222,3.050625,0.08034722222222222
0.0,0.0,0.0,0.0,0.44840277777777776,0.052569444444444446,0.1413888888888889,0.07361111111111111,53.88979166666667,53.632777777777775,0.14201388888888888,0.5925,51.629375,15.854236111111112,3.049722222222222,0.075
0.0,0.0,0.0,0.0,0.4091666666666667,0.049166666666666664,0.12854166666666667,0.10548611111111111,53.62,53.13291666666667,0.14909722222222221,0.5557638888888888,50.22034722222222,15.133819444444445,3.0902777777777777,0.06972222222222223
0.0,0.0,0.0,0.0,0.44180555555555556,0.04541666666666667,0.11743055555555555,0.10097222222222223,53.356458333333336,52.236736111111114,0.139375,0.5902777777777778,48.67118055555556,14.483541666666667,3.280763888888889,0.06409722222222222
0.0,0.0,0.0,0.0,0.4039583333333333,0.059444444444444446,0.108125,0.09666666666666666,53.44340277777778,51.6,0.1428472222222222,0.5727777777777778,46.922291666666666,14.049375,3.3177777777777777,0.05875
0.0,0.0,0.0,0.0,0.4025694444444444,0.05541666666666667,0.1,0.09256944444444444,54.09013888888889,51.141041666666666,0.1342361111111111,0.6196527777777778,44.97673611111111,13.665416666666667,3.305347222222222,0.05347222222222222
0.0,0.0,0.0,0.0,0.4186111111111111,0.051041666666666666,0.09229166666666666,0.08833333333333333,54.28881944444444,50.54972222222222,0.12652777777777777,0.6199305555555555,43.01777777777778,13.3025,3.265972222222222,0.04784722222222222
0.0,0.0,0.0,0.0,0.3811805555555556,0.04861111111111111,0.10215277777777777,0.08402777777777778,54.85659722222222,50.1225,0.11881944444444445,0.5858333333333333,41.008541666666666,12.849791666666667,3.241597222222222,0.0425
0.0,0.0,0.0,0.0,0.3671527777777778,0.04493055555555556,0.09472222222222222,0.07993055555555556,55.320902777777775,49.820902777777775,0.11576388888888889,0.5882638888888889,38.971875,12.741736111111111,3.2281944444444446,0.03722222222222222
0.0,0.0,0.0,0.0,0.39416666666666667,0.041180555555555554,0.08888888888888889,0.07569444444444444,55.2825,49.060069444444444,0.10791666666666666,0.5708333333333333,36.897777777777776,12.377222222222223,3.227847222222222,0.03347222222222222
0.0,0.0,0.0,0.0,0.40618055555555554,0.05520833333333333,0.08340277777777778,0.07138888888888889,55.74673611111111,48.89590277777778,0.10006944444444445,0.5395138888888888,34.835277777777776,12.161111111111111,3.085277777777778,0.03111111111111111
0.0,0.0,0.0,0.0,0.43333333333333335,0.051180555555555556,0.07791666666666666,0.06729166666666667,56.30826388888889,48.27590277777778,0.09229166666666666,0.5063194444444444,32.81256944444444,11.899722222222222,3.2046527777777776,0.02861111111111111
0.0,0.0,0.0,0.0,0.4422916666666667,0.04680555555555556,0.07263888888888889,0.06305555555555556,56.102777777777774,47.829375,0.086875,0.5064583333333333,30.728680555555556,11.580625,3.211875,0.02638888888888889
0.0,0.0,0.0,0.0,0.41465277777777776,0.042569444444444444,0.06715277777777778,0.05875,56.01097222222222,47.5725,0.07902777777777778,0.5185416666666667,28.678402777777777,11.210694444444444,3.2265277777777777,0.02388888888888889
0.0,0.0,0.0,0.0,0.405,0.03854166666666667,0.061875,0.05506944444444444,56.475625,47.234097222222225,0.07159722222222223,0.5959722222222222,26.57673611111111,10.954236111111111,3.1751388888888887,0.021388888888888888
0.0,0.0,0.0,0.0,0.37854166666666667,0.035555555555555556,0.07444444444444444,0.05138888888888889,55.935,46.945277777777775,0.064375,0.5818055555555556,24.568055555555556,10.550555555555556,3.1956944444444444,0.019166666666666665
0.0,0.0,0.0,0.0,0.37201388888888887,0.03388888888888889,0.06895833333333333,0.04777777777777778,55.66118055555555,46.67548611111111,0.06055555555555556,0.58375,22.675763888888888,10.247777777777777,3.276597222222222,0.016666666666666666
0.0,0.0,0.0,0.0,0.3857638888888889,0.03201388888888889,0.06375,0.044305555555555556,55.152569444444445,46.39861111111111,0.05597222222222222,0.6419444444444444,21.414791666666666,10.282638888888888,3.256111111111111,0.014166666666666666
0.0,0.0,0.0,0.0,0.41131944444444446,0.03013888888888889,0.058194444444444444,0.04055555555555555,55.048680555555556,46.439166666666665,0.051666666666666666,0.6683333333333333,21.749513888888888,10.083263888888888,3.254375,0.04736111111111111
0.0,0.0,0.0,0.0,0.4225,0.02847222222222222,0.052708333333333336,0.05479166666666667,54.761875,46.13993055555556,0.04743055555555555,0.6918055555555556,22.08972222222222,10.018888888888888,3.1269444444444443,0.043611111111111114
0.0,0.0,0.0,0.0,0.4334722222222222,0.026597222222222223,0.04784722222222222,0.08597222222222223,54.16104166666667,45.95263888888889,0.06347222222222222,0.6522916666666667,22.35361111111111,9.782847222222221,3.0057638888888887,0.03986111111111111
0.0,0.0,0.0,0.0,0.40770833333333334,0.024722222222222222,0.043263888888888886,0.11576388888888889,54.013958333333335,45.996319444444445,0.059236111111111114,0.6139583333333334,23.579305555555557,9.722222222222221,3.0210416666666666,0.03652777777777778
0.0,0.0,0.0,0.0,0.39958333333333335,0.023055555555555555,0.03895833333333333,0.12756944444444446,53.350347222222226,45.758472222222224,0.05555555555555555,0.6135416666666667,24.900347222222223,9.658333333333333,2.890763888888889,0.03347222222222222
0.0,0.0,0.0,0.0,0.4095138888888889,0.021180555555555557,0.034930555555555555,0.12034722222222222,52.87152777777778,45.505694444444444,0.052083333333333336,0.5745833333333333,26.91986111111111,9.411458333333334,2.7405555555555554,0.030972222222222224
0.0,0.0,0.0,0.0,0.41833333333333333,0.019375,0.0661111111111111,0.11291666666666667,52.04847222222222,45.60138888888889,0.0661111111111111,0.5552777777777778,29.27166666666667,9.130138888888888,2.562777777777778,0.02875
0.0,0.0,0.0,0.0,0.39208333333333334,0.017638888888888888,0.06173611111111111,0.10590277777777778,51.13506944444445,45.65472222222222,0.115,0.53625,31.531805555555554,9.009097222222222,2.440138888888889,0.026944444444444444
0.0,0.0,0.0,0.0,0.3679861111111111,0.01576388888888889,0.05645833333333333,0.09868055555555555,50.17256944444444,45.181736111111114,0.198125,0.5593055555555555,33.73951388888889,8.787916666666666,2.3085416666666667,0.025694444444444443
0.0,0.0,0.0,0.0,0.3615277777777778,0.014027777777777778,0.05201388888888889,0.09159722222222222,50.03638888888889,45.25743055555556,0.1892361111111111,0.5414583333333334,36.30569444444444,8.725138888888889,2.1840972222222224,0.024583333333333332
0.0,0.0,0.0,0.0,0.3547222222222222,0.012222222222222223,0.04840277777777778,0.08520833333333333,49.25541666666667,44.88055555555555,0.1807638888888889,0.5127083333333333,38.775625,8.909236111111111,2.107361111111111,0.023333333333333334
0.0,0.0,0.0,0.017708333333333333,0.33166666666666667,0.010694444444444444,0.04479166666666667,0.0792361111111111,48.32013888888889,44.755208333333336,0.175625,0.49798611111111113,41.04875,9.011805555555556,2.002361111111111,0.022083333333333333
0.0,0.0,0.0,0.017708333333333333,0.30701388888888886,0.009583333333333333,0.041875,0.07402777777777778,47.405972222222225,44.53652777777778,0.16694444444444445,0.5001388888888889,43.40152777777778,8.928194444444445,1.955486111111111,0.020972222222222222
0.0,0.0,0.0,0.017708333333333333,0.3665277777777778,0.008333333333333333,0.03951388888888889,0.08708333333333333,46.21722222222222,43.76229166666667,0.15881944444444446,0.4861111111111111,45.96673611111111,9.147847222222222,1.8598611111111112,0.01972222222222222
0.0,0.0,0.0,0.017083333333333332,0.3413888888888889,0.007083333333333333,0.037083333333333336,0.08229166666666667,44.79326388888889,43.52236111111111,0.15166666666666667,0.4540972222222222,48.29875,9.189305555555556,1.7596527777777777,0.018472222222222223
0.0,0.0,0.0,0.016458333333333332,0.33576388888888886,0.0059722222222222225,0.034652777777777775,0.07798611111111112,43.90229166666666,42.968402777777776,0.14416666666666667,0.4598611111111111,51.008541666666666,9.110902777777778,1.66375,0.017361111111111112
0.0,0.0,0.0,0.035416666666666666,0.3997222222222222,0.004722222222222222,0.08541666666666667,0.07388888888888889,42.35,42.71875,0.15763888888888888,0.481875,52.96118055555556,9.07611111111111,1.5644444444444445,0.01611111111111111
0.0,0.0,0.0,0.034166666666666665,0.39069444444444446,0.003472222222222222,0.0811111111111111,0.06965277777777777,41.27097222222222,42.544583333333335,0.15006944444444445,0.4697222222222222,55.36534722222222,9.177916666666667,1.5185416666666667,0.015
0.0,0.0,0.0,0.032916666666666664,0.4189583333333333,0.002361111111111111,0.07680555555555556,0.06541666666666666,39.634791666666665,41.56659722222222,0.14194444444444446,0.48083333333333333,57.04736111111111,9.344930555555555,1.402638888888889,0.01375
0.0,0.0,0.0,0.03180555555555555,0.4111111111111111,0.0014583333333333334,0.073125,0.06138888888888889,38.18666666666667,41.099583333333335,0.13430555555555557,0.4521527777777778,58.69576388888889,9.412430555555556,1.310486111111111,0.0125
0.0,0.0,0.0,0.03298611111111111,0.384375,0.0008333333333333334,0.06944444444444445,0.05708333333333333,36.86847222222222,40.60444444444445,0.12694444444444444,0.4225,59.78236111111111,9.557986111111111,1.2836805555555555,0.01138888888888889
0.0,0.0,0.0,0.03236111111111111,0.3581944444444444,0.0002777777777777778,0.06569444444444444,0.05291666666666667,37.920138888888886,40.22291666666667,0.1371527777777778,0.39194444444444443,58.733333333333334,9.612152777777778,1.243263888888889,0.010138888888888888
0.0,0.0,0.0,0.031180555555555555,0.3692361111111111,0.0,0.06229166666666667,0.04875,38.57652777777778,39.68006944444444,0.12944444444444445,0.37958333333333333,57.08631944444444,9.536944444444444,1.144375,0.008888888888888889
0.0,0.0,0.0,0.029930555555555554,0.34506944444444443,0.0,0.058611111111111114,0.044444444444444446,39.43048611111111,38.938125,0.12173611111111111,0.36993055555555554,55.23930555555555,9.479791666666667,1.152986111111111,0.0077777777777777776
0.0,0.0,0.0,0.02875,0.34034722222222225,0.0,0.055,0.04027777777777778,40.556041666666665,38.26229166666667,0.11381944444444445,0.37472222222222223,53.14416666666666,9.409097222222222,1.103125,0.006527777777777778
0.0,0.0,0.0,0.027569444444444445,0.3539583333333333,0.0,0.06916666666666667,0.03611111111111111,41.758472222222224,37.72354166666667,0.12409722222222222,0.36868055555555557,51.80381944444444,9.40826388888889,1.0414583333333334,0.005277777777777778
0.0,0.0,0.0,0.026319444444444444,0.3304861111111111,0.0,0.0648611111111111,0.04951388888888889,42.81451388888889,37.47347222222222,0.11534722222222223,0.3620833333333333,51.02979166666667,9.366319444444445,1.0272222222222223,0.004166666666666667
0.0,0.0,0.0,0.025138888888888888,0.3489583333333333,0.0,0.20930555555555555,0.04472222222222222,44.13291666666667,37.261944444444445,0.12451388888888888,0.3803472222222222,50.138958333333335,9.811805555555555,0.9777083333333333,0.002916666666666667
0.0,0.0,0.0,0.023958333333333335,0.32569444444444445,0.0,0.20076388888888888,0.03993055555555555,44.95361111111111,37.05840277777778,0.11590277777777777,0.3645833333333333,49.35534722222222,10.326736111111112,0.9398611111111111,0.0016666666666666668
0.0,0.0,0.0,0.022708333333333334,0.30243055555555554,0.0,0.1920138888888889,0.035069444444444445,45.11048611111111,36.57222222222222,0.10652777777777778,0.35631944444444447,49.008402777777775,10.449444444444444,0.9265277777777777,0.0005555555555555556
0.0,0.0,0.0,0.021527777777777778,0.2992361111111111,0.0,0.1840277777777778,0.030347222222222223,45.55076388888889,35.63270833333333,0.09743055555555556,0.37,49.21715277777778,10.610902777777778,0.9305555555555556,0.0
0.0,0.0,0.0,0.02034722222222222,0.2967361111111111,0.0,0.19319444444444445,0.025833333333333333,46.64881944444444,35.856458333333336,0.08881944444444445,0.3688194444444444,54.498194444444444,11.080277777777777,0.883125,0.0
0.0,0.0,0.0,0.019097222222222224,0.2942361111111111,0.0,0.18381944444444445,0.022291666666666668,46.71284722222222,35.404444444444444,0.08013888888888888,0.3475,63.96951388888889,11.065833333333334,0.8554861111111111,0.017708333333333333
0.0,0.0,0.0,0.017986111111111112,0.5759027777777778,0.0,0.3383333333333333,0.03743055555555556,46.574444444444445,34.454166666666666,0.0901388888888889,0.32631944444444444,73.98631944444445,11.067291666666666,0.8479861111111111,0.017083333333333332
0.0,0.0,0.0,0.01673611111111111,0.700625,0.0,0.37722222222222224,0.035,46.38472222222222,33.9025,0.081875,0.34375,85.45451388888888,10.999027777777778,0.8241666666666667,0.016458333333333332
0.0,0.0,0.0,0.015486111111111112,0.66625,0.0,0.3603472222222222,0.03319444444444444,46.696666666666665,33.221944444444446,0.073125,0.3244444444444444,97.78541666666666,10.975277777777778,0.8361805555555556,0.015902777777777776
0.0,0.0,0.0,0.014375,0.6877777777777778,0.0,0.3449305555555556,0.03145833333333333,46.419583333333335,33.01027777777778,0.0648611111111111,0.30395833333333333,108.98076388888889,11.170763888888889,0.7759027777777778,0.015277777777777777
0.0,0.0,0.0,0.013125,0.6716666666666666,0.0,0.32916666666666666,0.04729166666666667,46.19416666666667,32.71076388888889,0.057291666666666664,0.33881944444444445,119.97909722222222,11.478333333333333,0.7190277777777778,0.014652777777777778
0.0,0.0,0.0,0.011944444444444445,0.6895833333333333,0.0,0.31354166666666666,0.04486111111111111,45.68125,32.780833333333334,0.051944444444444446,0.3358333333333333,129.16125,11.828402777777777,0.66625,0.014097222222222223
0.0,0.0,0.0,0.010763888888888889,0.6545138888888888,0.0,0.2992361111111111,0.0425,44.71111111111111,31.98951388888889,0.06618055555555556,0.31625,137.31722222222223,11.912847222222222,0.6507638888888889,0.013472222222222222
0.0,0.0,0.0,0.00951388888888889,0.6538888888888889,0.0,0.28402777777777777,0.04006944444444444,44.01020833333333,32.049236111111114,0.061875,0.2992361111111111,145.4621527777778,12.327638888888888,0.6009027777777778,0.012847222222222222
0.0,0.0,0.0,0.008333333333333333,0.6564583333333334,0.0,0.26840277777777777,0.03763888888888889,43.35319444444445,31.859861111111112,0.057569444444444444,0.3151388888888889,153.14458333333334,12.814027777777778,0.5713888888888888,0.012291666666666666
0.0,0.0,0.0,0.007152777777777778,0.6201388888888889,0.0,0.25416666666666665,0.035277777777777776,42.189791666666665,31.020208333333333,0.05361111111111111,0.32381944444444444,159.466875,13.120277777777778,0.5445833333333333,0.011666666666666667
0.0,0.0,0.0,0.005902777777777778,0.6071527777777778,0.0,0.2565972222222222,0.03326388888888889,41.156875,30.697222222222223,0.06694444444444445,0.32131944444444444,165.99166666666667,13.809652777777778,0.5025,0.011041666666666667
0.0,0.0,0.0,0.004722222222222222,0.6238888888888889,0.0,0.24090277777777777,0.03138888888888889,40.47944444444445,30.712569444444444,0.06208333333333333,0.3386111111111111,172.50326388888888,14.894166666666667,0.4621527777777778,0.010486111111111111
0.0,0.0,0.0,0.0035416666666666665,0.5871527777777777,0.0,0.2254861111111111,0.029583333333333333,39.48097222222222,30.641111111111112,0.0751388888888889,0.3171527777777778,178.7151388888889,16.200347222222224,0.4241666666666667,0.00986111111111111
0.0,0.0,0.0,0.002638888888888889,1.0455555555555556,0.0,0.2103472222222222,0.02784722222222222,38.63048611111111,30.33652777777778,0.08798611111111111,0.38916666666666666,184.64569444444444,18.010208333333335,0.3885416666666667,0.009236111111111112
0.0,0.0,0.0,0.0020833333333333333,1.050138888888889,0.0,0.1959027777777778,0.043680555555555556,39.127291666666665,30.701319444444444,0.083125,0.36756944444444445,189.0079861111111,19.60451388888889,0.3540277777777778,0.008680555555555556
0.0,0.0,0.0,0.0014583333333333334,1.2295138888888888,0.0,0.18166666666666667,0.04125,40.61326388888889,31.004444444444445,0.0961111111111111,0.38125,194.1876388888889,21.444027777777777,0.32013888888888886,0.008055555555555555
0.0,0.0,0.0,0.0008333333333333334,1.1923611111111112,0.0,0.25555555555555554,0.07430555555555556,40.927638888888886,30.410625,0.090625,0.43375,198.68270833333332,23.81548611111111,0.2870138888888889,0.0075
0.0,0.0,0.0,0.0002777777777777778,1.2270833333333333,0.0,0.2386111111111111,0.08840277777777777,41.857569444444444,31.321527777777778,0.08520833333333333,0.4884027777777778,203.18125,26.94986111111111,0.25548611111111114,0.006875
0.0,0.0,0.0,0.0,1.1679861111111112,0.0,0.22090277777777778,0.08402777777777778,42.606875,31.32236111111111,0.08020833333333334,0.46347222222222223,207.79486111111112,30.290208333333332,0.2607638888888889,0.00625
0.0,0.0,0.0,0.0,1.1872916666666666,0.0,0.20319444444444446,0.11534722222222223,42.88916666666667,31.157083333333333,0.13631944444444444,0.44722222222222224,211.27604166666666,33.50965277777778,0.23055555555555557,0.005694444444444445
0.0,0.0,0.0,0.0,1.1449305555555556,0.0,0.18625,0.10993055555555556,43.45583333333333,30.93076388888889,0.165,0.4401388888888889,214.23777777777778,37.58298611111111,0.20243055555555556,0.005069444444444444
0.0,0.0,0.0,0.0,1.1252083333333334,0.0,0.16854166666666667,0.104375,43.91569444444445,30.758472222222224,0.15708333333333332,0.4327083333333333,216.1667361111111,41.234652777777775,0.19479166666666667,0.0044444444444444444
0.0,0.0,0.0,0.0,1.0642361111111112,0.0,0.1688888888888889,0.09909722222222223,44.245625,30.476180555555555,0.18513888888888888,0.40791666666666665,218.07631944444444,45.440694444444446,0.17118055555555556,0.0038888888888888888
0.0,0.0,0.0,0.0,1.0955555555555556,0.0,0.15194444444444444,0.09402777777777778,44.16361111111111,30.016458333333333,0.17791666666666667,0.38430555555555557,219.123125,49.61354166666667,0.1507638888888889,0.003263888888888889
0.0,0.0,0.0,0.0,1.1078472222222222,0.0,0.3140277777777778,0.08909722222222222,44.503680555555555,29.9825,0.1696527777777778,0.36159722222222224,220.08763888888888,54.014652777777776,0.13215277777777779,0.002638888888888889
0.0,0.0,0.0,0.0,1.0430555555555556,0.0,0.2951388888888889,0.084375,44.93340277777778,29.946597222222223,0.17965277777777777,0.37506944444444446,220.65125,57.91291666666667,0.114375,0.0020833333333333333
0.0,0.0,0.0,0.0,0.9778472222222222,0.0,0.2763888888888889,0.07958333333333334,45.24743055555555,29.772986111111113,0.25979166666666664,0.35256944444444444,220.18833333333333,61.05236111111111,0.098125,0.0014583333333333334
0.0,0.0,0.0,0.0,0.9727777777777777,0.0,0.3502777777777778,0.09236111111111112,45.288402777777776,29.487916666666667,0.248125,0.3309722222222222,219.18631944444445,64.28673611111111,0.08451388888888889,0.0008333333333333334
0.0,0.0,0.0,0.0,1.3377777777777777,0.0,0.34625,0.10472222222222222,45.61909722222222,29.037916666666668,0.254375,0.3169444444444444,217.43305555555557,67.29013888888889,0.073125,0.0002777777777777778
0.0,0.0,0.0,0.0,1.2893055555555555,0.0,0.34208333333333335,0.09868055555555555,46.23520833333333,29.381944444444443,0.24263888888888888,0.31409722222222225,215.63326388888888,70.579375,0.06263888888888888,0.0
0.0,0.0,0.0,0.0,1.2170833333333333,0.0,0.3234722222222222,0.09291666666666666,46.585208333333334,30.191041666666667,0.23069444444444445,0.293125,213.37493055555555,72.82770833333333,0.05347222222222222,0.035416666666666666
0.0,0.0,0.0,0.0,1.1671527777777777,0.0,0.34326388888888887,0.08770833333333333,46.96173611111111,31.382361111111113,0.29006944444444444,0.27270833333333333,210.63541666666666,74.481875,0.06381944444444444,0.034166666666666665
0.0,0.0,0.0,0.0,1.0997916666666667,0.0,0.32708333333333334,0.08215277777777778,47.32208333333333,32.853541666666665,0.2764583333333333,0.2785416666666667,207.56770833333334,76.07479166666667,0.057916666666666665,0.032916666666666664
0.0,0.0,0.0,0.0,1.0336805555555555,0.0,0.3122916666666667,0.07680555555555556,47.79333333333334,33.95576388888889,0.26222222222222225,0.25819444444444445,204.39479166666666,77.2779861111111,0.053125,0.03180555555555555
0.0,0.0,0.0,0.0,1.0224305555555555,0.0,0.29631944444444447,0.071875,48.306041666666665,35.126041666666666,0.26625,0.23881944444444445,201.57090277777777,78.07993055555555,0.04826388888888889,0.030555555555555555
0.0,0.0,0.0,0.0,0.9556944444444444,0.0,0.2801388888888889,0.066875,48.812083333333334,36.21006944444444,0.2697222222222222,0.22055555555555556,198.34298611111112,78.29416666666667,0.043611111111111114,0.029305555555555557
0.0,0.0,0.0,0.0,1.0051388888888888,0.0,0.26534722222222223,0.06222222222222222,49.77631944444445,38.01444444444444,0.2545138888888889,0.22006944444444446,194.35791666666665,78.74222222222222,0.039375,0.028194444444444446
0.0,0.0,0.0,0.0,0.9377083333333334,0.0,0.249375,0.057430555555555554,50.274166666666666,38.91305555555556,0.27493055555555557,0.20159722222222223,189.69020833333335,77.89145833333333,0.03576388888888889,0.026944444444444444
0.0,0.0,0.0,0.0,0.8704861111111111,0.0,0.23319444444444445,0.05243055555555556,51.33513888888889,40.32298611111111,0.2764583333333333,0.20131944444444444,184.87784722222221,77.56819444444444,0.03263888888888889,0.025694444444444443
0.0,0.0,0.0,0.0,0.8229861111111111,0.0,0.21847222222222223,0.04777777777777778,52.15361111111111,41.65694444444444,0.259375,0.20152777777777778,179.75520833333334,76.66479166666667,0.029861111111111113,0.024583333333333332
0.0,0.0,0.0,0.0,0.7693055555555556,0.0,0.20277777777777778,0.042986111111111114,53.01229166666667,43.02798611111111,0.243125,0.1845138888888889,174.56756944444444,75.54923611111111,0.027430555555555555,0.023333333333333334
0.0,0.0,0.0,0.0,0.7209027777777778,0.0,0.22319444444444445,0.03798611111111111,53.63013888888889,44.27041666666667,0.226875,0.1676388888888889,169.176875,74.78027777777778,0.025138888888888888,0.022083333333333333
0.0,0.0,0.0,0.0,0.6553472222222222,0.0,0.20722222222222222,0.03333333333333333,54.18,45.75409722222222,0.2107638888888889,0.16854166666666667,163.54479166666667,74.10111111111111,0.02263888888888889,0.020972222222222222
0.0,0.0,0.0,0.0,0.6151388888888889,0.0,0.19055555555555556,0.028541666666666667,54.827777777777776,47.20118055555555,0.19604166666666667,0.2048611111111111,158.32729166666667,74.02055555555556,0.02020833333333333,0.01972222222222222
0.0,0.0,0.0,0.0,0.6359027777777778,0.0,0.17493055555555556,0.023958333333333335,55.44298611111111,47.55493055555556,0.180625,0.1867361111111111,153.08756944444445,73.71708333333333,0.017916666666666668,0.018472222222222223
0.0,0.0,0.0,0.0,0.6052777777777778,0.0,0.22430555555555556,0.019930555555555556,56.14972222222222,48.76979166666667,0.18347222222222223,0.20479166666666668,147.7145138888889,72.68270833333334,0.12166666666666667,0.017361111111111112
0.0,0.0,0.0,0.0,0.656875,0.053125,0.24291666666666667,0.016319444444444445,57.149652777777774,50.15701388888889,0.16895833333333332,0.20597222222222222,142.904375,72.21111111111111,0.11548611111111111,0.01611111111111111
0.0,0.0,0.0,0.0,0.6265972222222222,0.05125,0.2271527777777778,0.01361111111111111,57.81583333333333,50.497569444444444,0.17118055555555556,0.20930555555555555,137.95027777777779,70.86013888888888,0.10944444444444444,0.015
0.0,0.0,0.0,0.0,0.5997222222222223,0.049375,0.22854166666666667,0.011319444444444444,58.56229166666667,51.80520833333333,0.15569444444444444,0.21631944444444445,133.36284722222223,69.53236111111111,0.104375,0.01375
0.0,0.0,0.0,0.0,0.6001388888888889,0.04770833333333333,0.21125,0.00951388888888889,59.31298611111111,52.89263888888889,0.159375,0.20381944444444444,129.15715277777778,68.1325,0.099375,0.0125
0.0,0.0,0.0,0.0,0.5542361111111112,0.04583333333333333,0.19486111111111112,0.008333333333333333,59.75819444444444,54.137569444444445,0.16361111111111112,0.20930555555555555,124.96708333333333,66.35256944444444,0.09444444444444444,0.01138888888888889
0.0,0.0,0.0,0.0,0.5111111111111111,0.043958333333333335,0.17798611111111112,0.007152777777777778,60.10104166666667,55.27263888888889,0.15041666666666667,0.2154861111111111,120.74895833333333,64.98611111111111,0.09027777777777778,0.010138888888888888
0.0,0.0,0.0,0.0,0.5700694444444444,0.042291666666666665,0.16104166666666667,0.005902777777777778,61.009861111111114,56.66159722222222,0.13743055555555556,0.20347222222222222,116.86819444444444,64.21159722222222,0.08590277777777777,0.008888888888888889
0.0,0.0,0.0,0.0,0.5254166666666666,0.04041666666666666,0.14527777777777778,0.004722222222222222,61.45298611111111,57.57263888888889,0.12458333333333334,0.19125,113.18118055555556,62.749652777777776,0.08152777777777778,0.0077777777777777776
0.0,0.0,0.0,0.0,0.484375,0.03854166666666667,0.14909722222222221,0.0035416666666666665,61.32361111111111,58.55361111111111,0.1304861111111111,0.179375,109.64666666666666,60.642430555555556,0.07763888888888888,0.006527777777777778
0.0,0.0,0.0,0.0,0.4792361111111111,0.036875,0.17159722222222223,0.0022916666666666667,61.57944444444445,60.09381944444444,0.11826388888888889,0.168125,106.47520833333333,58.94277777777778,0.07326388888888889,0.005277777777777778
0.0,0.0,0.0,0.0,0.455,0.035,0.15784722222222222,0.0011111111111111111,61.569375,61.55111111111111,0.14305555555555555,0.1748611111111111,103.47694444444444,57.407152777777775,0.06888888888888889,0.004166666666666667
0.0,0.0,0.0,0.0,0.41479166666666667,0.033125,0.14652777777777778,0.0002777777777777778,61.480069444444446,62.98305555555555,0.133125,0.1811111111111111,100.40201388888889,55.46590277777778,0.065,0.002916666666666667
0.0,0.0,0.0,0.0,0.3840972222222222,0.03145833333333333,0.1373611111111111,0.0,61.537847222222226,63.988958333333336,0.12305555555555556,0.16951388888888888,97.53819444444444,53.71041666666667,0.060625,0.0016666666666666668
0.0,0.0,0.0,0.0,0.37805555555555553,0.029583333333333333,0.12833333333333333,0.0,61.141041666666666,64.77625,0.13104166666666667,0.15840277777777778,94.77722222222222,52.10263888888889,0.05625,0.0005555555555555556
0.0,0.0,0.0,0.0,0.3888888888888889,0.027708333333333335,0.12013888888888889,0.0,60.78263888888889,65.680625,0.12104166666666667,0.16541666666666666,92.21048611111111,50.40777777777778,0.05236111111111111,0.0
0.0,0.0,0.0,0.0,0.36465277777777777,0.04375,0.13020833333333334,0.0,60.396875,66.28208333333333,0.1297222222222222,0.15381944444444445,89.629375,48.42784722222222,0.04833333333333333,0.0
0.0,0.0,0.0,0.0,0.33979166666666666,0.04125,0.12236111111111111,0.0,60.32833333333333,67.08965277777777,0.1213888888888889,0.143125,87.18798611111112,46.793958333333336,0.045,0.0
0.0,0.0,0.0,0.0,0.368125,0.03895833333333333,0.18534722222222222,0.0,59.80361111111111,67.18625,0.11291666666666667,0.15083333333333335,84.52652777777777,44.81444444444445,0.07666666666666666,0.0
0.0,0.0,0.0,0.0,0.4790277777777778,0.03652777777777778,0.2990277777777778,0.017708333333333333,60.05909722222222,67.6463888888889,0.10486111111111111,0.19284722222222223,81.2767361111111,43.52229166666667,0.07166666666666667,0.0
0.0,0.0,0.0,0.0,0.45034722222222223,0.034027777777777775,0.284375,0.017083333333333332,60.633472222222224,68.07166666666667,0.09743055555555556,0.1802777777777778,77.99666666666667,42.30638888888889,0.06708333333333333,0.0
0.0,0.0,0.0,0.0,0.44243055555555555,0.03173611111111111,0.2947916666666667,0.016458333333333332,60.974375,68.43270833333334,0.10791666666666666,0.1857638888888889,74.738125,40.46340277777778,0.07993055555555556,0.0
0.0,0.0,0.0,0.0,0.45243055555555556,0.029305555555555557,0.29770833333333335,0.015902777777777776,61.4025,68.89298611111111,0.11847222222222223,0.17305555555555555,71.59770833333333,38.58361111111111,0.07430555555555556,0.0
0.0,0.0,0.0,0.0,0.5277083333333333,0.04451388888888889,0.31722222222222224,0.015277777777777777,61.990972222222226,69.29777777777778,0.11159722222222222,0.17847222222222223,68.49354166666667,37.38923611111111,0.06909722222222223,0.0
0.0,0.0,0.0,0.0,0.49895833333333334,0.04159722222222222,0.30027777777777775,0.014652777777777778,62.647777777777776,69.5075,0.10493055555555555,0.18395833333333333,66.5267361111111,35.79090277777778,0.06368055555555556,0.0
0.0,0.0,0.0,0.0,0.4870833333333333,0.03854166666666667,0.28368055555555555,0.014097222222222223,62.761180555555555,69.50243055555555,0.09833333333333333,0.17118055555555556,65.26875,34.38194444444444,0.058055555555555555,0.0
0.0,0.0,0.0,0.0,0.5077083333333333,0.035486111111111114,0.32048611111111114,0.013472222222222222,62.765,69.20430555555555,0.10951388888888888,0.15854166666666666,64.20243055555555,33.3375,0.05284722222222222,0.0
0.0,0.0,0.0,0.0,0.47930555555555554,0.03256944444444444,0.3030555555555556,0.012847222222222222,62.887569444444445,69.08777777777777,0.10215277777777777,0.1463888888888889,63.263819444444444,32.34486111111111,0.04743055555555555,0.0
0.0,0.0,0.0,0.0,0.46576388888888887,0.04722222222222222,0.5125,0.012291666666666666,62.757847222222225,68.98576388888888,0.14819444444444443,0.13534722222222223,63.036458333333336,31.383472222222224,0.041805555555555554,0.0
0.0,0.0,0.0,0.0,0.4710416666666667,0.043541666666666666,0.48756944444444444,0.011666666666666667,62.470416666666665,68.71173611111111,0.13909722222222223,0.12513888888888888,63.085972222222225,30.405763888888888,0.036597222222222225,0.017708333333333333
0.0,0.0,0.0,0.0,0.4772222222222222,0.04,0.49368055555555557,0.011041666666666667,62.25298611111111,68.17180555555555,0.13020833333333334,0.150625,63.77041666666667,30.077708333333334,0.03326388888888889,0.017083333333333332
0.0,0.0,0.0,0.0,0.44819444444444445,0.03743055555555556,0.4781944444444444,0.010486111111111111,62.109652777777775,67.77986111111112,0.12215277777777778,0.15784722222222222,64.68770833333333,29.459097222222223,0.03138888888888889,0.016458333333333332
0.0,0.0,0.0,0.0,0.4404166666666667,0.035625,0.47381944444444446,0.00986111111111111,61.796597222222225,67.51576388888888,0.11388888888888889,0.1473611111111111,66.44104166666666,28.676805555555557,0.029513888888888888,0.015902777777777776
0.0,0.0,0.0,0.0,0.41388888888888886,0.033819444444444444,0.46930555555555553,0.026944444444444444,61.13666666666666,67.09673611111111,0.12368055555555556,0.14381944444444444,68.27354166666667,28.015486111111112,0.02784722222222222,0.015277777777777777
0.0,0.0,0.0,0.0,0.3884722222222222,0.03201388888888889,0.4477083333333333,0.025763888888888888,60.437916666666666,66.82194444444444,0.11583333333333333,0.1354861111111111,70.47041666666667,27.055555555555557,0.025972222222222223,0.014652777777777778
0.0,0.0,0.0,0.0,0.3825,0.030208333333333334,0.42951388888888886,0.02451388888888889,59.53715277777778,66.96555555555555,0.10819444444444444,0.16520833333333335,72.164375,26.172569444444445,0.05965277777777778,0.014097222222222223
0.0,0.0,0.0,0.0,0.37569444444444444,0.028402777777777777,0.46034722222222224,0.02340277777777778,58.672291666666666,66.66638888888889,0.10090277777777777,0.15597222222222223,74.36951388888889,25.419444444444444,0.18118055555555557,0.013472222222222222
0.0,0.0,0.0,0.0,0.35125,0.026597222222222223,0.43694444444444447,0.022152777777777778,57.650416666666665,66.38243055555556,0.09388888888888888,0.16701388888888888,76.096875,24.790069444444445,0.33493055555555556,0.012847222222222222
0.0,0.0,0.0,0.0,0.3466666666666667,0.024791666666666667,0.4304861111111111,0.020902777777777777,56.909930555555555,66.59777777777778,0.08659722222222223,0.1579861111111111,78.46916666666667,24.251527777777778,0.5022916666666667,0.012291666666666666
0.0,0.0,0.0,0.0,0.3586111111111111,0.02298611111111111,0.42347222222222225,0.019791666666666666,55.60118055555556,66.0911111111111,0.0973611111111111,0.14833333333333334,80.35222222222222,23.758055555555554,0.6134027777777777,0.011666666666666667
0.0,0.0,0.0,0.0,0.5045833333333334,0.02125,0.3984027777777778,0.018541666666666668,54.3825,65.57659722222222,0.17881944444444445,0.14173611111111112,81.99805555555555,23.320625,0.7386111111111111,0.011041666666666667
0.0,0.0,0.0,0.0,0.4757638888888889,0.019375,0.3729166666666667,0.017291666666666667,53.060763888888886,65.48791666666666,0.16902777777777778,0.1325,83.72868055555556,22.906805555555554,0.8761805555555555,0.010486111111111111
0.0,0.0,0.0,0.0,0.4465972222222222,0.017569444444444443,0.3653472222222222,0.016180555555555556,51.777430555555554,65.45263888888888,0.15993055555555555,0.125,85.135625,22.065694444444443,0.9893055555555555,0.00986111111111111
0.0,0.0,0.0,0.0,0.43590277777777775,0.015833333333333335,0.5523611111111111,0.014930555555555556,50.42111111111111,64.95722222222223,0.16895833333333332,0.11715277777777777,86.03069444444445,21.458055555555557,1.0647222222222221,0.009236111111111112
0.0,0.0,0.0,0.0,0.42430555555555555,0.013958333333333333,0.5185416666666667,0.013680555555555555,50.20291666666667,64.62548611111112,0.159375,0.12645833333333334,86.07819444444445,20.810347222222223,1.1347222222222222,0.008680555555555556
0.0,0.0,0.0,0.0,0.3948611111111111,0.012222222222222223,0.4861111111111111,0.012569444444444444,50.035555555555554,64.28708333333333,0.1504861111111111,0.1279861111111111,84.92909722222223,20.202222222222222,1.2156944444444444,0.008055555555555555
0.0,0.0,0.0,0.0,0.3665277777777778,0.010763888888888889,0.45340277777777777,0.011319444444444444,50.15784722222222,64.00944444444444,0.14194444444444446,0.11951388888888889,83.310625,19.798402777777778,1.2791666666666666,0.0075
0.0,0.0,0.0,0.0,0.3984722222222222,0.00951388888888889,0.4203472222222222,0.010069444444444445,50.36006944444444,63.442708333333336,0.13326388888888888,0.1123611111111111,81.4804861111111,19.332083333333333,1.3543055555555557,0.006875
0.0,0.0,0.0,0.0,0.3696527777777778,0.008333333333333333,0.38979166666666665,0.008958333333333334,50.71347222222222,63.425555555555555,0.12493055555555556,0.10493055555555555,79.2675,18.867638888888887,1.3914583333333332,0.00625
0.0,0.0,0.0,0.0,0.36194444444444446,0.007152777777777778,0.38,0.008055555555555555,50.75118055555556,62.70368055555556,0.11666666666666667,0.09805555555555556,77.23923611111111,18.648263888888888,1.4454166666666666,0.005694444444444445
0.0,0.0,0.0,0.0,0.3545833333333333,0.005902777777777778,0.41430555555555554,0.0075,50.951875,62.55763888888889,0.1257638888888889,0.10979166666666666,75.01506944444445,18.206180555555555,1.4753472222222221,0.005069444444444444
0.0,0.0,0.0,0.0,0.34715277777777775,0.004722222222222222,0.3870138888888889,0.006875,51.00951388888889,61.94965277777778,0.11708333333333333,0.10354166666666667,72.69173611111111,17.994930555555555,1.4134027777777778,0.0044444444444444444
0.0,0.0,0.0,0.0,0.5360416666666666,0.0035416666666666665,0.36277777777777775,0.00625,51.055277777777775,61.75076388888889,0.10916666666666666,0.11520833333333333,70.3242361111111,17.823958333333334,1.4219444444444445,0.0038888888888888888
0.0,0.0,0.0,0.0,0.5873611111111111,0.002638888888888889,0.38513888888888886,0.005694444444444445,50.74743055555555,61.03395833333333,0.10118055555555555,0.10854166666666666,67.72291666666666,17.476388888888888,1.4430555555555555,0.003263888888888889
0.0,0.0,0.0,0.0,0.5745138888888889,0.0020833333333333333,0.3815972222222222,0.005069444444444444,50.60805555555555,60.950763888888886,0.12875,0.13777777777777778,65.08208333333333,17.29361111111111,1.4646527777777778,0.002638888888888889
0.0,0.0,0.0,0.0,0.5445138888888889,0.0014583333333333334,0.3548611111111111,0.0044444444444444444,50.35243055555556,60.57138888888889,0.11986111111111111,0.1304861111111111,62.25340277777778,16.97340277777778,1.4490277777777778,0.0020833333333333333
0.0,0.0,0.0,0.0,0.5529861111111111,0.0008333333333333334,0.3283333333333333,0.0038888888888888888,49.848194444444445,60.51423611111111,0.11104166666666666,0.14083333333333334,59.40013888888889,16.689444444444444,1.4646527777777778,0.0014583333333333334
0.0,0.0,0.0,0.0,0.5284722222222222,0.0002777777777777778,0.3032638888888889,0.003263888888888889,49.45590277777778,60.29097222222222,0.10298611111111111,0.13326388888888888,56.606458333333336,16.435833333333335,1.4601388888888889,0.0008333333333333334
0.0,0.0,0.0,0.0,0.5816666666666667,0.0,0.30006944444444444,0.02034722222222222,48.83506944444444,60.257222222222225,0.11305555555555556,0.14298611111111112,53.776944444444446,16.102569444444445,1.489861111111111,0.0002777777777777778
0.0,0.0,0.0,0.0,0.6585416666666667,0.017708333333333333,0.8302777777777778,0.036875,47.840833333333336,59.766666666666666,0.1057638888888889,0.13444444444444445,50.96284722222222,15.717847222222222,1.4793055555555557,0.0
0.0,0.0,0.0,0.0,0.6620833333333334,0.034791666666666665,1.0341666666666667,0.035,46.955,60.131388888888885,0.1342361111111111,0.12868055555555555,48.32881944444444,15.389722222222222,1.4491666666666667,0.0
0.0,0.0,0.0,0.0,0.6460416666666666,0.033541666666666664,0.9886805555555556,0.03319444444444444,46.571666666666665,60.22819444444445,0.12555555555555556,0.12055555555555555,47.357083333333335,15.159375,1.4193055555555556,0.0
0.0,0.0,0.0,0.0,0.655,0.03236111111111111,1.5295833333333333,0.03145833333333333,45.85347222222222,60.39472222222222,0.11701388888888889,0.13027777777777777,46.40291666666667,14.841666666666667,1.4188888888888889,0.0
0.0,0.0,0.0,0.0,0.6197916666666666,0.031180555555555555,1.5059027777777778,0.029930555555555554,44.644375,60.15326388888889,0.10930555555555556,0.1220138888888889,45.30013888888889,14.518819444444444,1.4013194444444443,0.0
0.0,0.0,0.0,0.0,0.6025694444444445,0.029930555555555554,1.440625,0.02875,43.74673611111111,60.47555555555556,0.10125,0.11388888888888889,44.73548611111111,14.230347222222223,1.3445833333333332,0.0
0.0,0.0,0.0,0.0,0.5677083333333334,0.04645833333333333,1.4347222222222222,0.027569444444444445,42.57076388888889,60.27097222222222,0.12868055555555555,0.12409722222222222,44.878055555555555,13.855208333333334,1.3208333333333333,0.0
0.0,0.0,0.0,0.0,0.6213888888888889,0.04465277777777778,1.3706944444444444,0.026319444444444444,41.90770833333333,60.445,0.12,0.11631944444444445,45.873333333333335,13.63701388888889,1.276736111111111,0.0
0.0,0.0,0.0,0.0,0.5846527777777778,0.042777777777777776,1.3049305555555555,0.025138888888888888,40.92069444444444,60.60333333333333,0.11076388888888888,0.10881944444444444,48.37520833333333,13.45513888888889,1.254513888888889,0.0
0.0,0.0,0.0,0.0,0.5611111111111111,0.041041666666666664,1.2434027777777779,0.023958333333333335,40.00652777777778,60.560138888888886,0.10159722222222223,0.13701388888888888,51.409444444444446,13.309027777777779,1.235486111111111,0.0
0.0,0.0,0.0,0.0,0.5440277777777778,0.03923611111111111,1.180763888888889,0.022708333333333334,39.008402777777775,60.079930555555556,0.09326388888888888,0.14631944444444445,54.260625,13.426319444444445,1.1981944444444443,0.0
0.0,0.0,0.0,0.0,0.5100694444444445,0.03736111111111111,1.1161805555555555,0.021527777777777778,37.83770833333333,59.574305555555554,0.08638888888888889,0.1375,57.44548611111111,13.267916666666666,1.1478472222222222,0.0
0.0,0.0,0.0,0.0,0.4979166666666667,0.035625,1.0555555555555556,0.02034722222222222,36.688402777777775,59.48694444444445,0.08104166666666666,0.1470138888888889,60.71173611111111,13.115069444444444,1.1161805555555555,0.0
0.0,0.0,0.0,0.0,0.5022222222222222,0.033819444444444444,0.9933333333333333,0.019097222222222224,35.59826388888889,59.384375,0.075625,0.13784722222222223,63.85388888888889,13.189791666666666,1.09,0.0
0.0,0.0,0.0,0.0,0.46923611111111113,0.03194444444444444,0.9325,0.017916666666666668,34.49173611111111,59.023472222222225,0.07048611111111111,0.12868055555555555,66.9107638888889,13.047708333333333,1.0298611111111111,0.0
0.0,0.0,0.0,0.0,0.4560416666666667,0.030208333333333334,0.8780555555555556,0.01673611111111111,33.25881944444444,58.49131944444444,0.06576388888888889,0.12027777777777778,70.04118055555556,12.861666666666666,0.9747222222222223,0.0
0.0,0.0,0.0,0.0,0.45305555555555554,0.028402777777777777,0.8388888888888889,0.015555555555555555,32.284305555555555,58.69631944444444,0.06097222222222222,0.12986111111111112,72.82173611111111,12.818125,0.9558333333333333,0.0
0.0,0.0,0.0,0.0,0.4204861111111111,0.026597222222222223,0.7810416666666666,0.014375,30.90138888888889,57.822291666666665,0.05604166666666666,0.12118055555555556,75.54409722222222,12.603819444444444,0.9401388888888889,0.0
0.0,0.0,0.0,0.0,0.3875,0.02486111111111111,0.7261805555555556,0.013125,29.641041666666666,57.426458333333336,0.051458333333333335,0.11305555555555556,78.27270833333333,12.603055555555555,0.9091666666666667,0.0
0.0,0.0,0.0,0.0,0.3552777777777778,0.14694444444444443,0.6673611111111111,0.029652777777777778,28.275625,57.259791666666665,0.08194444444444444,0.10493055555555555,80.51083333333334,12.846388888888889,0.8436805555555555,0.0
0.0,0.0,0.0,0.0,0.32305555555555554,0.14076388888888888,0.918125,0.02784722222222222,27.010902777777776,57.08069444444445,0.0757638888888889,0.09694444444444444,82.80229166666666,12.952222222222222,0.7995138888888889,0.0
0.0,0.0,0.0,0.0,0.3567361111111111,0.1346527777777778,0.8524305555555556,0.025972222222222223,25.852847222222223,56.92305555555556,0.07027777777777777,0.10736111111111112,84.88680555555555,12.932222222222222,0.7933333333333333,0.0
0.0,0.0,0.0,0.0,0.33993055555555557,0.1288888888888889,0.8516666666666667,0.02423611111111111,24.875,56.58638888888889,0.0648611111111111,0.09951388888888889,86.43159722222222,12.716458333333334,0.7554166666666666,0.0
0.0,0.0,0.0,0.0,0.3125,0.12277777777777778,0.7888194444444444,0.022430555555555554,24.148958333333333,56.02993055555555,0.059375,0.091875,86.98055555555555,12.636458333333334,0.7183333333333334,0.0
0.0,0.0,0.0,0.0,0.3013194444444444,0.11659722222222223,0.7238194444444445,0.020555555555555556,24.64090277777778,55.156875,0.05402777777777778,0.08486111111111111,85.74597222222222,12.648819444444445,0.6638888888888889,0.0
0.0,0.0,0.0,0.0,0.2772222222222222,0.11083333333333334,0.6590972222222222,0.018819444444444444,25.62097222222222,54.69840277777778,0.049305555555555554,0.07826388888888888,84.00145833333333,12.504930555555555,0.6458333333333334,0.0
0.0,0.0,0.0,0.0,0.28944444444444445,0.10472222222222222,0.6175,0.017013888888888887,26.848194444444445,54.27597222222222,0.04506944444444445,0.07229166666666667,82.2845138888889,12.311458333333333,0.6475694444444444,0.0
0.0,0.0,0.0,0.0,0.53125,0.09854166666666667,0.5540972222222222,0.01513888888888889,28.57625,53.787708333333335,0.04083333333333333,0.06631944444444444,80.66784722222222,12.232916666666666,0.6164583333333333,0.0
0.0,0.0,0.0,0.0,0.4992361111111111,0.09277777777777778,0.5072916666666667,0.013402777777777777,29.53965277777778,53.04430555555555,0.054375,0.07791666666666666,80.04972222222223,12.12111111111111,0.5879166666666666,0.0
0.0,0.0,0.0,0.0,0.5575,0.22805555555555557,1.0282638888888889,0.04736111111111111,30.675416666666667,52.59590277777778,0.04986111111111111,0.07173611111111111,79.06986111111111,12.271875,0.6113194444444444,0.0
0.0,0.0,0.0,0.0,0.5997222222222223,0.2175,0.9532638888888889,0.045208333333333336,31.44423611111111,51.48034722222222,0.06333333333333334,0.06569444444444444,77.99340277777777,12.16611111111111,0.6009027777777778,0.0
0.0,0.0,0.0,0.0,0.5683333333333334,0.20770833333333333,0.9050694444444445,0.043402777777777776,32.320902777777775,51.073055555555555,0.059236111111111114,0.059930555555555556,77.44006944444445,12.414791666666666,0.5755555555555556,0.0
0.0,0.0,0.0,0.0,0.5381944444444444,0.19833333333333333,0.8488194444444445,0.041666666666666664,33.358125,50.67680555555555,0.07333333333333333,0.09006944444444444,77.33319444444444,12.834305555555556,0.5503472222222222,0.0
0.0,0.0,0.0,0.0,0.510625,0.18833333333333332,0.7984027777777778,0.03979166666666667,33.7225,50.04534722222222,0.06902777777777777,0.08375,78.69048611111111,13.227083333333333,0.526875,0.0
0.0,0.0,0.0,0.0,0.60875,0.17881944444444445,0.7763194444444445,0.03798611111111111,34.22152777777778,49.791805555555555,0.12159722222222222,0.07756944444444444,85.74513888888889,13.657291666666667,0.8063888888888889,0.0
0.0,0.0,0.0,0.0,0.6659027777777777,0.16944444444444445,0.7579166666666667,0.03625,36.27777777777778,49.44104166666666,0.11555555555555555,0.07173611111111111,95.73284722222222,13.976944444444445,0.79375,0.07083333333333333
0.0,0.0,0.0,0.0,0.6506944444444445,0.16027777777777777,0.7184027777777777,0.034444444444444444,36.545,49.13506944444445,0.145625,0.10145833333333333,105.295625,14.259583333333333,0.7663194444444444,0.06833333333333333
0.0,0.0,0.0,0.0,0.7234027777777777,0.15090277777777777,0.6813888888888889,0.03256944444444444,36.541875,48.477916666666665,0.13965277777777776,0.09465277777777778,116.14833333333333,14.724097222222222,0.7233333333333334,0.06583333333333333
0.0,0.0,0.0,0.0,0.7233333333333334,0.14208333333333334,0.6451388888888889,0.030833333333333334,36.47125,47.91104166666667,0.13347222222222221,0.08819444444444445,125.35847222222222,15.677916666666667,0.6774305555555555,0.0636111111111111
0.0,0.0,0.0,0.0,0.6871527777777777,0.13319444444444445,0.6067361111111111,0.029027777777777777,34.64486111111111,45.35194444444444,0.12756944444444446,0.08229166666666667,119.62020833333334,14.869305555555556,0.6340277777777777,0.06111111111111111
0.0,0.0,0.0,0.0,0.8702083333333334,0.12381944444444444,0.6225694444444444,0.02715277777777778,36.12111111111111,50.04569444444444,0.3401388888888889,0.1125,142.34756944444445,16.875486111111112,0.6301388888888889,0.058611111111111114
0.0,0.0,0.0,0.0,0.8277777777777777,0.115,0.5844444444444444,0.025416666666666667,35.75076388888889,49.170208333333335,0.3441666666666667,0.10652777777777778,149.64694444444444,17.993125,0.9619444444444445,0.05638888888888889
0.0,0.0,0.0,0.0,0.7856944444444445,0.10611111111111111,0.5441666666666667,0.02361111111111111,33.90625,46.57375,0.33006944444444447,0.10083333333333333,143.12118055555555,17.073819444444446,0.9102083333333333,0.05388888888888889
0.0,0.0,0.0,0.0,0.745625,0.0967361111111111,0.5052777777777778,0.021736111111111112,34.08020833333333,46.95465277777778,0.316875,0.13083333333333333,152.22756944444444,18.142152777777778,0.8794444444444445,0.05138888888888889
0.0,0.0,0.0,0.0,0.7159027777777778,0.08791666666666667,0.46708333333333335,0.02,33.761319444444446,47.17916666666667,0.3026388888888889,0.141875,159.23375,18.71986111111111,0.8672916666666667,0.049166666666666664
0.0,0.0,0.0,0.0,0.6927777777777778,0.07902777777777778,0.426875,0.018194444444444444,33.23986111111111,47.130208333333336,0.28854166666666664,0.1346527777777778,165.40375,19.475694444444443,0.8185416666666666,0.04666666666666667
0.0,0.0,0.0,0.0,0.6724305555555555,0.07020833333333333,0.390625,0.016458333333333332,32.781527777777775,46.799791666666664,0.27534722222222224,0.12777777777777777,171.43520833333332,20.215972222222224,0.7910416666666666,0.04416666666666667
0.0,0.0,0.0,0.0,0.6501388888888889,0.060833333333333336,0.3506944444444444,0.014583333333333334,31.91583333333333,46.56027777777778,0.2611111111111111,0.12118055555555556,176.06270833333335,21.24923611111111,0.7450694444444445,0.041944444444444444
0.0,0.0,0.0,0.0,0.6083333333333333,0.051944444444444446,0.32256944444444446,0.012777777777777779,30.962152777777778,46.14465277777778,0.26472222222222225,0.1322222222222222,181.38631944444444,22.82701388888889,0.7391666666666666,0.03944444444444444
0.0,0.0,0.0,0.0,0.5685416666666666,0.04555555555555556,0.2864583333333333,0.01138888888888889,30.548055555555557,46.145833333333336,0.25166666666666665,0.12513888888888888,188.65701388888888,24.54576388888889,0.6950694444444444,0.036944444444444446
0.0,0.0,0.0,0.0,0.5279166666666667,0.04055555555555555,0.25277777777777777,0.010138888888888888,30.612430555555555,46.079930555555556,0.23798611111111112,0.11777777777777777,195.1002777777778,26.365069444444444,0.651875,0.034722222222222224
0.0,0.0,0.0,0.0,0.4875,0.035555555555555556,0.22458333333333333,0.008888888888888889,31.29048611111111,45.991597222222225,0.2247222222222222,0.11090277777777778,198.82777777777778,28.240972222222222,0.6266666666666667,0.03222222222222222
0.0,0.0,0.0,0.0,0.4890277777777778,0.03111111111111111,0.1998611111111111,0.0077777777777777776,32.49472222222222,45.54541666666667,0.21194444444444444,0.10444444444444445,203.11180555555555,31.08152777777778,0.6010416666666667,0.03
0.0,0.0,0.0,0.0,0.47715277777777776,0.026111111111111113,0.1736111111111111,0.006527777777777778,33.13472222222222,45.834583333333335,0.1984027777777778,0.09777777777777778,206.79618055555557,33.945902777777775,0.5774305555555556,0.0275
0.0,0.0,0.0,0.0,0.4540972222222222,0.021111111111111112,0.14763888888888888,0.005277777777777778,34.30784722222222,45.767986111111114,0.185,0.09104166666666667,210.44875,37.66597222222222,0.5373611111111111,0.025
0.0,0.0,0.0,0.0,0.45166666666666666,0.016666666666666666,0.16368055555555555,0.004166666666666667,35.11895833333333,45.33875,0.17222222222222222,0.10229166666666667,213.24131944444446,41.05638888888889,0.49604166666666666,0.02277777777777778
0.0,0.0,0.0,0.0,0.4123611111111111,0.011666666666666667,0.13652777777777778,0.002916666666666667,36.14652777777778,45.209375,0.1763888888888889,0.095,214.64743055555556,45.10611111111111,0.4573611111111111,0.020277777777777777
0.0,0.0,0.0,0.0,0.3975,0.006666666666666667,0.11006944444444444,0.0016666666666666668,37.02597222222222,44.71534722222222,0.16326388888888888,0.08777777777777777,215.82381944444444,48.567569444444445,0.41756944444444444,0.017777777777777778
0.0,0.0,0.0,0.0,0.3641666666666667,0.0022222222222222222,0.08611111111111111,0.0005555555555555556,37.66152777777778,44.46180555555556,0.1490277777777778,0.08097222222222222,216.31652777777776,52.11,0.3795138888888889,0.015555555555555555
0.0,0.0,0.0,0.0,0.35333333333333333,0.0,0.07131944444444445,0.0,38.399166666666666,44.06777777777778,0.13666666666666666,0.07430555555555556,216.95090277777777,56.09861111111111,0.34125,0.013055555555555556
0.0,0.0,0.0,0.0,0.34152777777777776,0.0,0.06604166666666667,0.0,39.089166666666664,43.39819444444444,0.195,0.06777777777777778,217.60972222222222,59.88430555555556,0.30527777777777776,0.010555555555555556
0.0,0.0,0.0,0.0,0.3111111111111111,0.035416666666666666,0.09645833333333333,0.0,39.53888888888889,43.29701388888889,0.1782638888888889,0.06118055555555556,217.96444444444444,63.61354166666667,0.270625,0.008333333333333333
0.0,0.0,0.0,0.0,0.421875,0.034166666666666665,0.09020833333333333,0.0,41.458819444444444,43.66375,0.17958333333333334,0.05513888888888889,218.53958333333333,66.97368055555556,0.235625,0.005833333333333334
0.0,0.0,0.0,0.0,0.4661111111111111,0.10375,0.6441666666666667,0.0,41.658125,43.698125,0.16430555555555557,0.06756944444444445,218.72340277777778,70.18284722222222,0.20298611111111112,0.0033333333333333335
0.0,0.0,0.0,0.0,0.43083333333333335,0.10013888888888889,0.6197222222222222,0.0,41.49715277777778,43.42076388888889,0.20201388888888888,0.06145833333333333,218.33354166666666,72.69229166666666,0.6365277777777778,0.08965277777777778
0.0,0.0,0.0,0.0,0.3997222222222222,0.09638888888888889,0.5950694444444444,0.0,41.64180555555556,42.96180555555556,0.18604166666666666,0.05541666666666667,217.46055555555554,75.42381944444445,0.5976388888888889,0.08541666666666667
0.0,0.0,0.0,0.0,0.48368055555555556,0.09291666666666666,0.5927083333333333,0.0,41.79527777777778,43.24243055555556,0.18944444444444444,0.085625,216.03597222222223,77.26847222222223,0.6129861111111111,0.08229166666666667
0.0,0.0,0.0,0.0,0.4525,0.08930555555555555,0.5679166666666666,0.0,41.922291666666666,44.00194444444445,0.1740972222222222,0.07951388888888888,214.49715277777779,79.50305555555556,0.5772916666666666,0.07951388888888888
0.0,0.0,0.0,0.0,0.45875,0.08555555555555555,0.5429166666666667,0.0,42.151875,44.16583333333333,0.15861111111111112,0.07333333333333333,212.37006944444445,81.13569444444444,0.5572222222222222,0.0763888888888889
0.0,0.0,0.0,0.0,0.48305555555555557,0.08208333333333333,0.5204861111111111,0.0,42.712361111111115,45.17125,0.14430555555555555,0.06756944444444445,209.51083333333332,82.2376388888889,0.5190972222222222,0.07326388888888889
0.0,0.0,0.0,0.0,0.45569444444444446,0.07847222222222222,0.4967361111111111,0.0,43.049375,46.24701388888889,0.13347222222222221,0.06215277777777778,206.1365277777778,83.02583333333334,0.48430555555555554,0.07048611111111111
0.0,0.0,0.0,0.0,0.473125,0.12784722222222222,0.4736111111111111,0.0,43.67659722222222,47.51451388888889,0.12645833333333334,0.05722222222222222,202.5938888888889,83.40472222222222,0.4542361111111111,0.06736111111111111
0.0,0.0,0.0,0.0,0.45013888888888887,0.1225,0.4529166666666667,0.0,44.244791666666664,48.57402777777778,0.12,0.05263888888888889,198.98527777777778,83.31,0.4296527777777778,0.0642361111111111
0.0,0.0,0.0,0.0,0.47909722222222223,0.15618055555555554,0.5995833333333334,0.0,45.20368055555556,49.81868055555555,0.11333333333333333,0.0661111111111111,194.65659722222222,82.79159722222222,0.4070138888888889,0.06145833333333333
0.0,0.0,0.0,0.0,0.45444444444444443,0.14930555555555555,0.5708333333333333,0.0,46.11618055555556,51.65618055555556,0.10659722222222222,0.06215277777777778,189.97395833333334,82.49541666666667,0.38333333333333336,0.058333333333333334
0.0,0.0,0.0,0.0,0.4477777777777778,0.14270833333333333,0.544375,0.0,47.156527777777775,53.16048611111111,0.10013888888888889,0.058680555555555555,185.14215277777777,81.66222222222223,0.3776388888888889,0.05520833333333333
0.0,0.0,0.0,0.0,0.44604166666666667,0.13631944444444444,0.5342361111111111,0.0,48.27736111111111,54.65506944444444,0.1288888888888889,0.07270833333333333,179.99972222222223,80.66784722222222,0.3559027777777778,0.05243055555555556
0.0,0.0,0.0,0.0,0.42104166666666665,0.12944444444444445,0.5048611111111111,0.0,49.41291666666667,55.74125,0.12125,0.06840277777777778,174.84104166666665,79.43145833333334,0.333125,0.049305555555555554
0.0,0.0,0.0,0.0,0.5205555555555555,0.12298611111111112,0.4778472222222222,0.0,50.09569444444445,57.133472222222224,0.11354166666666667,0.06465277777777778,169.66756944444444,78.82395833333334,0.3113194444444444,0.04618055555555556
0.0,0.0,0.0,0.0,0.4922916666666667,0.11645833333333333,0.449375,0.0,50.845625,58.58979166666666,0.141875,0.09645833333333333,164.2073611111111,78.043125,0.2920138888888889,0.043402777777777776
0.0,0.0,0.0,0.0,0.48694444444444446,0.10986111111111112,0.42215277777777777,0.017708333333333333,51.287847222222226,60.01895833333333,0.13347222222222221,0.09152777777777778,158.80833333333334,77.52201388888889,0.27090277777777777,0.04027777777777778
0.0,0.0,0.0,0.0,0.4759027777777778,0.13854166666666667,0.39305555555555555,0.034791666666666665,51.633125,60.85791666666667,0.125,0.10444444444444445,153.27743055555555,76.61666666666666,0.2517361111111111,0.090625
0.0,0.0,0.0,0.0,0.44708333333333333,0.1307638888888889,0.3645138888888889,0.033541666666666664,52.051944444444445,62.686875,0.11659722222222223,0.11680555555555555,147.74645833333332,76.23583333333333,0.230625,0.085625
0.0,0.0,0.0,0.0,0.4197222222222222,0.12291666666666666,0.35506944444444444,0.03236111111111111,52.40027777777778,63.573819444444446,0.1082638888888889,0.11076388888888888,142.43013888888888,75.10965277777778,0.20972222222222223,0.080625
0.0,0.0,0.0,0.0,0.3948611111111111,0.11506944444444445,0.3252777777777778,0.031180555555555555,52.841875,64.52368055555556,0.09972222222222223,0.10465277777777778,137.13541666666666,73.69930555555555,0.19069444444444444,0.07618055555555556
0.0,0.0,0.0,0.0,0.3678472222222222,0.10729166666666666,0.2964583333333333,0.029930555555555554,53.07513888888889,65.76166666666667,0.09131944444444444,0.09909722222222223,131.99597222222224,72.18833333333333,0.17027777777777778,0.07118055555555555
0.0,0.0,0.0,0.0,0.34097222222222223,0.09944444444444445,0.28708333333333336,0.02875,53.126666666666665,67.25069444444445,0.10069444444444445,0.09368055555555556,126.57069444444444,70.19930555555555,0.15055555555555555,0.06618055555555556
0.0,0.0,0.0,0.0,0.31430555555555556,0.09159722222222222,0.25722222222222224,0.027569444444444445,53.39013888888889,68.11333333333333,0.10923611111111112,0.088125,121.26902777777778,68.19388888888889,0.13305555555555557,0.06173611111111111
0.0,0.0,0.0,0.0,0.30645833333333333,0.08381944444444445,0.22805555555555557,0.026319444444444444,54.21326388888889,68.82048611111111,0.09958333333333333,0.08284722222222222,115.68305555555555,66.37534722222222,0.11375,0.05673611111111111
0.0,0.0,0.0,0.0,0.42041666666666666,0.07597222222222222,0.20041666666666666,0.025138888888888888,54.498958333333334,69.68729166666667,0.09006944444444444,0.07743055555555556,110.20041666666667,64.37388888888889,0.09458333333333334,0.05173611111111111
0.0,0.0,0.0,0.0,0.3904861111111111,0.06847222222222223,0.17131944444444444,0.023958333333333335,54.860347222222224,70.52715277777777,0.08208333333333333,0.07194444444444445,104.63708333333334,62.605555555555554,0.07708333333333334,0.04729166666666667
0.0,0.0,0.0,0.0,0.4317361111111111,0.06104166666666667,0.17715277777777777,0.04041666666666666,55.16979166666667,72.00208333333333,0.09326388888888888,0.06659722222222222,99.44020833333333,60.52305555555556,0.057777777777777775,0.042291666666666665
0.0,0.0,0.0,0.0,0.4025,0.05444444444444444,0.14888888888888888,0.03861111111111111,55.333333333333336,72.43430555555555,0.08625,0.06118055555555556,94.56625,58.31,0.03868055555555556,0.03729166666666667
0.0,0.0,0.0,0.0,0.4494444444444444,0.049444444444444444,0.14888888888888888,0.03680555555555556,55.47604166666667,72.97222222222223,0.07979166666666666,0.05611111111111111,89.95895833333333,56.204097222222224,0.03881944444444444,0.03284722222222222
0.0,0.0,0.0,0.0,0.42138888888888887,0.04506944444444445,0.13743055555555556,0.035,55.54090277777778,73.91222222222223,0.07416666666666667,0.06902777777777777,85.66694444444444,53.99583333333333,0.027916666666666666,0.029583333333333333
0.0,0.0,0.0,0.0,0.3943055555555556,0.04069444444444444,0.12638888888888888,0.03319444444444444,55.36277777777778,74.64673611111111,0.06930555555555555,0.06354166666666666,81.691875,51.98361111111111,0.042152777777777775,0.027708333333333335
